Lp;Województwo;Powiat;Wnioskodawca;Nazwa Wnioskodawcy;Lokalizacja zadania: adres;Nazwa zadania;Dofinansowanie ogó³em z³
1;dolnoœl¹skie;boles³awiecki;Gmina;Boles³awiec;Golnice;Budowa boiska sportowego;87 800,00 z³
2;dolnoœl¹skie;boles³awiecki;Gmina;Warta Boles³awiecka;Jurków;Budowa boiska wielofunkcyjnego;75 000,00 z³
3;dolnoœl¹skie;œredzki;Gmina;Miêkinia;Ga³ów, ul. Sportowa;Budowa boiska wielofunkcyjnego;130 000,00 z³
4;dolnoœl¹skie;oleœnicki;Miasto;Oleœnica;Oleœnica, ul. Brzozowa 5;Modernizacja boiska pi³karskiego, bie¿ni lekkoatletycznej oraz terenowych urz¹dzeñ sportowych;1 100 000,00 z³
5;dolnoœl¹skie;œwidnicki;Gmina;Strzegom;Strzegom, ul. Mickiewicza 2;Przebudowa boiska pi³karskiego, bie¿ni lekkoatletycznej i terenowych urz¹dzeñ sportowych;1 293 500,00 z³
6;dolnoœl¹skie;strzeliñski;Gmina;Strzelin;Bia³y Koœció³, ul. Kamienna 18;Budowa sali gimnastycznej;804 400,00 z³
7;dolnoœl¹skie;legnicki;Gmina Miejska;Chojnów;Chojnów, ul. Kusociñskiego 1;Budowa, modernizacja kompleksu lekkoatletycznego, boiska pi³karskiego;331 500,00 z³
8;dolnoœl¹skie;legnicki;Gmina Miejska;Chojnów;Chojnów, ul. Kiliñskiego 23;Remont Sali gimnastycznej wraz z zapleczem;140 000,00 z³
9;dolnoœl¹skie;górowski;Gmina;Góra;Góra, ul. Sportowa 1;Rozbudowa obiektu lekkoatletycznego;200 000,00 z³
10;dolnoœl¹skie;górowski;Gmina;Góra;Góra, ul. Mickiewicza 4;Przebudowa basenu odkrytego;818 800,00 z³
11;dolnoœl¹skie;trzebnicki;Gmina;Trzebnica;Trzebnica, ul. M. Konopnickiej 14;Budowa boiska wielofunkcyjnego, bie¿ni lekkoatletycznej i skoczni do skoku w dal;282 000,00 z³
12;dolnoœl¹skie;z¹bkowicki;Gmina;Z¹bkowice Œl¹skie;Z¹bkowice Œl¹skie, ul. Kusociñskiego;Budowa skateparku;214 300,00 z³
13;dolnoœl¹skie;z¹bkowicki;Powiat;Z¹bkowicki;Z¹bkowice Œl¹skie, ul. Powstañców Warszawa;Budowa boiska wielofunkcyjnego;194 300,00 z³
14;dolnoœl¹skie;dzier¿oniowski;Gmina;Pi³awa Górna;Pi³awa Górna, ul. Koœciuszki 1;Budowa skateparku i si³owni zewnêtrznej;150 000,00 z³
15;dolnoœl¹skie;trzebnicki;Gmina;¯migród;Barkowo;Budowa boiska wielofunkcyjnego;137 300,00 z³
16;dolnoœl¹skie;g³ogowski;Gmina Miejska;G³ogów;G³ogów, ul. Królewska 12;Budowa kompleksu sportowego;280 000,00 z³
17;dolnoœl¹skie;wroc³awski;Gmina;Siechnice;Radwanice, ul. Szkoln 14;Budowa sali gimnastycznej;1 037 300,00 z³
18;dolnoœl¹skie;œwidnicki;Gmina;¯arów;¯arów, ul. Piastowska 10;Budowa p³ywalni;2 500 000,00 z³
19;dolnoœl¹skie;œredzki;Gmina;Œroda Œl¹ska;Œroda Œl¹ska, ul. Górna;Budowa boisk pi³karskich, boiska wielofunkcyjnego, kortu do tenisa i zaplecza sanitarno-szatniowego i technicznego;1 500 000,00 z³
20;dolnoœl¹skie;M. Wroc³aw;Inny;"Fundacja Oœwiatowa ""Ekola""";Wroc³aw, ul. Zieliñskiego 56;Budowa sali gimnastycznej;781 600,00 z³
21;dolnoœl¹skie;oleœnicki;Gmina;Twardogóra;Twardogóra, ul. Jadwigi 7;Budowa boiska wielofunkcyjnego oraz  bie¿ni i skoczni w dal;350 000,00 z³
22;dolnoœl¹skie;boles³awiecki;Gmina;Nowogrodziec;Wykroty, ul. 22 Lipca 108, dz. Nr 447, 299/2;Budowa sali gimnastycznej;666 400,00 z³
23;dolnoœl¹skie;legnicki;Gmina;Krotoszyce;Krotoszyce;Budowa boiska wielofunkcyjnego;250 800,00 z³
24;dolnoœl¹skie;lubañski;Województwo;Dolnoœl¹skie;Biedrzychowice, Biedrzychowice 20;Budowa hali sportowej;1 700 000,00 z³
25;dolnoœl¹skie;m. Wroc³aw;Szko³a/Uczelnia;Uniwersytet Przyrodniczy we Wroc³awiu;Wroc³aw, ul. Che³moñskiego 43;Remont hali sportowej;762 200,00 z³
26;dolnoœl¹skie;wroc³awski;Gmina;¯órawina;¯órawina, ul. Kopernika 15;Remont boiska wielofunkcyjnego;75 600,00 z³
27;dolnoœl¹skie;g³ogowski;Gmina Miejska;G³ogów;G³ogów, ul. Gomó³ki 43;Przebudowa kompleksu lekkoatletycznego i boiska wielofunkcyjnego;933 921,00 z³
28;dolnoœl¹skie;œwidnicki;Gmina;Jaworzyna Œl¹ska;Jaworzyna Œl¹ska, ul.Sportowa 1;Rozbudowa stadionu miejskiego o pawilon zaplecza dla stadionu;327 700,00 z³
29;dolnoœl¹skie;œwidnicki;Klub sportowy;"Ludowy Klub Sportowy ""Stragona"" Strzegom";Morawa;Remont nawierzchni hipodromu;688 800,00 z³
30;dolnoœl¹skie;trzebnicki;Powiat;Trzebnicki;Trzebnica, ul. Wojska Polskiego 17;Remont sali gimnastycznej;213 800,00 z³
31;dolnoœl¹skie;strzeliñski;Gmina;Strzelin;Strzelin, ul. Gen. Maczka;Remont sali treningowej podnoszenia ciê¿arów;52 000,00 z³
32;dolnoœl¹skie;k³odzki;Gmina;Lewin K³odzki;Lewin K³odzki, ul. Koœcielna 1;Przebudowa boiska pi³karskiego;72 600,00 z³
33;dolnoœl¹skie;œwidnicki;Gmina;Strzegom;Strzegom, ul. Mickiewicza 2;Przebudowa boiska do pi³ki no¿nej;694 400,00 z³
34;dolnoœl¹skie;m. Wroc³aw;Szko³a/Uczelnia;Uniwersytet Ekonomiczny we Wroc³awiu;Wroc³aw, ul. Kamienna 35/37;Remont zaplecza szatniowo-sanitarnego krytej p³ywalni;351 400,00 z³
35;kujawsko-pomorskie;lipnowski;Powiat;Lipnowski;Skêpe, ul. Wymyœliñska 2;Przebudowa boiska pi³karskiego i wielofunkcyjnego;759 000,00 z³
36;kujawsko-pomorskie;sêpoleñski;Gmina;Kamieñ Krajeñski;Du¿a Cerkwica, Du¿a Cerkwica 32;Budowa sali gimnastycznej;479 000,00 z³
37;kujawsko-pomorskie;grudzi¹dzki;Gmina;RogóŸno;RogóŸno, RogóŸno 91b;Budowa sali gimnastycznej;1 471 000,00 z³
38;kujawsko-pomorskie;toruñski;Gmina;Lubicz;Z³otoria, ul. Pomorska 11;Budowa sali gimnastycznej wraz z ³¹cznikiem;915 100,00 z³
39;kujawsko-pomorskie;toruñski;Gmina;Lubicz;M³yniec Pierwszy, ul. Toruñska 10;Budowa boiska pi³karskiego i boiska do pi³ki siatkowej;127 000,00 z³
40;kujawsko-pomorskie;M. Bydgoszcz;Miasto;Bydgoszcz;Bydgoszcz, ul. Kar³owicza 2;Budowa hali sportowej;1 360 600,00 z³
41;kujawsko-pomorskie;w¹brzeski;Gmina;W¹brzeŸno;W¹brzeŸno, ul. Spokojna;Budowa boiska pi³karskiego i boiska wielofunkcyjnego;651 000,00 z³
42;kujawsko-pomorskie;bydgoski;Powiat;Bydgoski;Koronowo, ul. Dworcowa 53;Budowa sali gimnastycznej;826 900,00 z³
43;kujawsko-pomorskie;radziejowski;Gmina;Radziejów;Radziejów, ul. Szkolna 28;Budowa hali sportowej;698 000,00 z³
44;kujawsko-pomorskie;toruñski;Gmina;Che³m¿a;Zelgno;Budowa Sali gimnastycznej;810 400,00 z³
45;kujawsko-pomorskie;bydgoski;Gmina;Dobrcz;Borówno, ul. Szkolna 13, dzia³ka nr 56/1;Budowa sali gimnastycznej z zapleczem sanitarno-szatniowym;447 000,00 z³
46;kujawsko-pomorskie;toruñski;Powiat;Toruñski;Che³m¿a, ul. Hallera 25;Budowa boiska wielofunkcyjnego;110 200,00 z³
47;kujawsko-pomorskie;che³miñski;Gmina Miasto;Che³mno;Che³mno;Budowa boiska pi³karskiego;379 000,00 z³
48;kujawsko-pomorskie;w³oc³awski;Gmina i Miasto;Izbica Kujawska;B³enna;Budowa boiska wielofunkcyjnego;120 900,00 z³
49;kujawsko-pomorskie;lipnowski;Powiat;Lipnowski;Lipno, ul. Traugutta 1;Budowa Sali gimnastycznej z zapleczem;1 197 100,00 z³
50;kujawsko-pomorskie;nakielski;Gmina;Szubin;Szubin, ul. Sportowa;Przebudowa i rozbudowa  kompleksu lekkoatletycznego;570 000,00 z³
51;kujawsko-pomorskie;sêpoleñski;Gmina;Sêpólno Krajeñskie;Sêpólno Krajeñskie, ul. Chojnicka 19;Przebudowa i rozbudowa kompleksu lekkoatletycznego i boiska do pi³ki no¿nej;1 000 000,00 z³
52;kujawsko-pomorskie;Bydgoszcz;Miasto;Bydgoszcz;Bydgoszcz, ul. Sielska 12;Remont kompleksu lekkoatletycznego i boiska wielofunkcyjnego;1 000 000,00 z³
53;kujawsko-pomorskie;inowroc³awski;Gmina Miasto;Inowroc³aw;Inowroc³aw, ul. Najœwiêtszej Marii Panny 22/24;Remont boiska wielofunkcyjnego i budynku sali gimnastycznej;406 400,00 z³
54;kujawsko-pomorskie;brodnicki;Gmina Miasta;Brodnica;Brodnica, ul. Królowej Jadwigi 1;Modernizacja, przebudowa p³yty boiska pi³karskiego;922 900,00 z³
55;lubelskie;opolski;Gmina;Karczmiska;Karczmiska pierwsze, ul. Szkolna 1;Budowa hali sportowej;400 000,00 z³
56;lubelskie;³êczyñski;Gmina;Ludwin;Ludwin;Budowa boiska wielofunkcyjnego i si³owni plenerowej;200 000,00 z³
57;lubelskie;pu³awski;Powiat;Pu³awski;Pu³awy, ul. Wojska Polskiego 7;Budowa hali sportowej;1 400 000,00 z³
58;lubelskie;m. Zamoœæ;Miasto;Zamoœæ;Zamoœæ, ul. Lwowska 15;Budowa kortu tenisowego;100 000,00 z³
59;lubelskie;m. Zamoœæ;Miasto;Zamoœæ;Zamoœæ, ul. Zamoyskiego 4;Budowa bie¿ni i skoczni;150 000,00 z³
60;lubelskie;che³mski;Powiat;Che³mski;Dorohusk, ul. Graniczna 1;Budowa bie¿ni lekkoatletycznej oraz terenowych urz¹dzeñ sportowych;120 000,00 z³
61;lubelskie;bi³gorajski;Gmina;Tarnogród;Wola Ró¿aniecka;Budowa boiska pi³karskiego;95 900,00 z³
62;lubelskie;bi³gorajski;Gmina;Tarnogród;Ró¿aniec Pierwszy;Budowa budynku zaplecza przy stadionie pi³karskim;270 000,00 z³
63;lubelskie;bi³gorajski;Gmina Miasto;Bi³goraj;Bi³goraj, ul. Targowa 15;Budowa skateparku;100 000,00 z³
64;lubelskie;œwidnicki;Gmina Miejska;Œwidnik;Œwidnik, ul. Kopernika 9;Budowa bie¿ni okólnej i prostej i skoczni do skoku w dal;110 000,00 z³
65;lubelskie;lubelski;Gmina;G³usk;Prawiedniki, Prawiedniki 165;Budowa boiska wielofunkcyjnego;70 100,00 z³
66;lubelskie;bi³gorajski;Gmina;£ukowa;£ukowa;Budowa  boiska pi³karskiego;155 100,00 z³
67;lubelskie;m. Lublin;Gmina;Lublin;Lublin, ul. Œwierkowa;Budowa Sali gimnastycznej wielofunkcyjnej;900 000,00 z³
68;lubelskie;m. Lublin;Gmina;Lublin;Lublin, ul. Wojciechowska 38;Przebudowa boisk i bie¿ni lekkoatletycznej;1 000 000,00 z³
69;lubelskie;lubelski;Powiat;Lubelski;Pszczela Wola, Pszczela Wola 9;Budowa boiska pi³karskiego, wielofunkcyjnego, bie¿ni i terenowych urz¹dzeñ sportowych;522 872,00 z³
70;lubelskie;janowski;Gmina;Potok Wielki;Potok Wielki;Budowa sali gimnastycznej;1 175 500,00 z³
71;lubelskie;janowski;Gmina;Batorz;Batorz Pierwszy;Budowa boiska pi³karskiego;143 000,00 z³
72;lubelskie;opolski;Gmina;Józefów nad Wis³¹;Chruœlina, Chruœlina 111;Budowa boiska wielofunkcyjnego;130 000,00 z³
73;lubelskie;rycki;Gmina;K³oczew;Stare Zadybie;Rozbudowa boiska sportowego;50 000,00 z³
74;lubelskie;œwidnicki;Gmina;Me³giew;Jacków, dzia³ka Nr 654/9;Budowa boiska wielofunkcyjnego;49 770,00 z³
75;lubelskie;kraœnicki;Miasto;Kraœnik;Kraœnik, ul. Grunwaldzka 2;Budowa sali gimnastycznej;750 000,00 z³
76;lubelskie;kraœnicki;Miasto;Kraœnik;Kraœnik, ul. Urzêdowska 10;Budowa hali sportowej;1 243 000,00 z³
77;lubelskie;bi³gorajski;Gmina;Ksiê¿pol;Rakówka, ul. Przymiarki, nr ewid. dz. 70;Budowa sali gimnastycznej;600 000,00 z³
78;lubelskie;tomaszowski;Powiat;Tomaszowski;Tomaszów Lubelski, ul. Hallera 5;Remont budynku sali gimnastycznej;70 000,00 z³
79;lubelskie;zamojski;Gmina;Nielisz;Nielisz;Budowa hali  sportowej;1 400 000,00 z³
80;lubelskie;bi³gorajski;Gmina;Goraj;Zastawie, Zastawie 148;Odbudowa boiska pi³karskiego;100 000,00 z³
81;lubelskie;che³mski;Gmina;Rejowiec;Rejowiec, ul. Zwierzyñskiego;Budowa bie¿ni okólnej;80 000,00 z³
82;lubelskie;zamojski;Gmina;Grabowiec;Grabowiec, ul. Wojs³awa 1;Budowa boiska wielofunkcyjnego;100 000,00 z³
83;lubelskie;janowski;Gmina;Modliborzyce;Modliborzyce, ul. Ogrodowa 2;Przebudowa, budowa boiska wielofunkcyjnego, bie¿ni;140 000,00 z³
84;lubelskie;bi³gorajski;Gmina Miasto;Bi³goraj;Bi³goraj, ul. Targowa 15;Przebudowa kompleksu lekkoatletycznego i boiska do pi³ki no¿nej;1 000 000,00 z³
85;lubelskie;³ukowski;Miasto;Stoczek £ukowski;Stoczek £ukowski, ul. Gen.J.Dwernickiego;Przebudowa boiska wielofunkcyjnego;265 500,00 z³
86;lubelskie;lubelski;Szko³a/Uczelnia;Uniwersytet Marii Curie-Sk³odowskiej w Lublinie;Lublin, Langiewicza 22;Remont sal sportowych;1 000 000,00 z³
87;lubelskie;janowski;Gmina;Janów Lubelski;Janów Lubelski, ul. Ks. Skorupki 11;Remont hali sportowej;131 897,00 z³
88;lubelskie;m. Lublin;Gmina;Lublin;Lublin, ul. Magnoliowa 8;Przebudowa boiska do pi³ki no¿nej na boisko do rugby;250 000,00 z³
89;lubelskie;opolski;Gmina;Opole Lubelskie;Opole Lubelskie, ul. Szkolna 5;Remont sali gimnastycznej;178 600,00 z³
90;lubuskie;zarski;Gmina;¯ary;Z³otnik;Budowa boiska wielofunkcyjnego;105 500,00 z³
91;lubuskie;kroœnieñski;Gmina;Bytnica;Budachów;Modernizacja boiska pi³karskiego;71 000,00 z³
92;lubuskie;wschowski;Gmina;Wschowa;Wschowa, ul. Wolsztyñska 4;budowa boiska wielofunkcyjnego;332 100,00 z³
93;lubuskie;strzelecko-drezdenecki;Gmina;Drezdenko;Drezdenko, Plac Wolnoœci 8;Budowa boiska wielofunkcyjnego;242 400,00 z³
94;lubuskie;sulêciñski;Powiat;Sulêciñski;Sulêcin, ul. Emilii Plater 1;Przebudowa i remont hali sportowej;610 700,00 z³
95;lubuskie;¿agañski;Gmina;Szprotawa;Wiechlice, ul. Brzozowa 17;Budowa hali sportowej;1 656 370,00 z³
96;lubuskie;œwiebodziñski;Gmina;Sk¹pe;O³obok, ul. Wojciechowskiego;Budowa sali gimnastycznej;1 023 900,00 z³
97;lubuskie;œwiebodziñski;Gmina;Œwiebodzin;Œwiebodzin, os. £u¿yckie 28;Remont sali gimnastycznej;102 300,00 z³
98;lubuskie;¿agañski;Gmina;¯agañ;Jelenin;Budowa zaplecza sportowego-szatni przy boisku pi³karskim;131 800,00 z³
99;lubuskie;gorzowski;Miasto;Kostrzyn nad Odr¹;Kostrzyn nad Odr¹;Remont sali gimnastycznej;62 700,00 z³
100;lubuskie;m. Zielona Góra;Miasto;Zielona Góra;Zielona Góra, ul. Botaniczna;Budowa boiska pi³karskiego i wielofunkcyjnego;370 000,00 z³
101;lubuskie;M. Zielona Góra;Miasto;Zielona Góra;Zielona Góra, ul. Sulechowska;Remont boiska pi³karskiego;344 400,00 z³
102;lubuskie;œwiebodziñski;Gmina;Zb¹szynek;Zb¹szynek, ul. Sportowa 2;Remont, przebudowa i budowa boiska pi³karskiego i bie¿ni okólnej oraz budowa terenowych urz¹dzeñ sportowych;643 500,00 z³
103;lubuskie;kroœnieñski;Gmina;Krosno Odrzañskie;Krosno Odrzañskie, ul. Moniuszki 30;Remont sali gimnastycznej;56 500,00 z³
104;lubuskie;¿arski;Gmina;¯ary;¯ary, ul. Zapolskiej;Budowa kompleksu sportowego;320 700,00 z³
105;lubuskie;¿arski;Inny;"Gminna Spó³dzielnia ""Samopomoc Ch³opska""";¯ary, ul. Górnoœl¹ska 18;Remont Sali gimnastycznej;196 860,00 z³
106;lubuskie;M. Zielona Góra;Miasto;Zielona Góra;Zielona Góra, ul. Sulechowska;Rozbudowa hali lekkoatletycznej;1 974 900,00 z³
107;lubuskie;zielonogórski;Województwo;Lubuskie;Drzonków, ul. Olimpijska 20;Remont sali szermierczej wraz z dobudow¹ zaplecza sportowego;246 500,00 z³
108;³ódzkie;radomszczañski;Powiat;Radomszczañski;Radomsko, ul. Narutowicza, ul. Szkolna;Budowa hali sportowej;1 500 000,00 z³
109;³ódzkie;kutnowski;Gmina;¯ychlin;¯ychlin, ul. Barlickiego 4;Przebudowa sali gimnastycznej z zapleczem ;170 000,00 z³
110;³ódzkie;³ódzki wschodni;Gmina;Andrespol;Stró¿a, ul. Tuszyñska;Budowa skateparku;75 000,00 z³
111;³ódzkie;³ódzki wschodni;Gmina;Andrespol;Justynów, ul. £ódzka 17;Budowa boiska wielofunkcyjnego i boiska do siatkówki ora bie¿ni prostej ze skoczni¹ do skoku w dal ;200 700,00 z³
112;³ódzkie;piotrkowski;Gmina;Wolbórz;Komornik, Komornik 99;Budowa boiska wielofunkcyjnego;78 150,00 z³
113;³ódzkie;zgierski;Gmina Miasta;G³owno;G³owno, Plac Reymonta 2;Budowa boiska pi³karskiego i wielofunkcyjnego, bie¿ni okólnej i prostej wraz z terenowymi urz¹dzeniami sportowymi  ;362 400,00 z³
114;³ódzkie;sieradzki;Gmina;Sieradz;Sieradz, ul. Armii Krajowej 5;Budowa boiska pi³karskiego, wielofunkcyjnego, do pi³ki pla¿owej, bie¿ni okólnej i prostej oraz terenowych urz¹dzeñ sportowych;550 000,00 z³
115;³ódzkie;³êczycki;Gmina;Œwinice Warckie;Œwinice Warckie;Budowa sali gimnastycznej z zapleczem ;148 000,00 z³
116;³ódzkie;piotrkowski;Gmina;Wola Krzysztoporska;Parzniewice Ma³e 31;Budowa sali gimnastycznej;968 600,00 z³
117;³ódzkie;kutnowski;Gmina;Oporów;Oporów 57 A;Budowa sali gimnastycznej z zapleczem ;1 250 000,00 z³
118;³ódzkie;skierniewicki;Gmina;Godzianów;Godzianów, dzia³ki 637/3, 639/4, 636/2, 634/2, 632/2 i 1211;Budowa boiska pi³karskiego;250 000,00 z³
119;³ódzkie;be³chatowski;Gmina;Kluki;Kluki, ul. Szkolna 4;przebudowa i rozbudowa sali gimnastycznej;1 500 000,00 z³
120;³ódzkie;pabianicki;Powiat;Pabianicki;Pabianice, ul. Œw. Jana 27;Przebudowa boiska wielofunkcyjnego;131 900,00 z³
121;³ódzkie;zduñskowolski;Miasto;Zduñska Wola;Zduñska Wola, ul. ¯eromskiego 2/4;Budowa boiska wielofunkcyjnego;130 000,00 z³
122;³ódzkie;brzeziñski;Gmina;Je¿ów;Je¿ów, ul. Wojska Polskiego 2;Budowa pe³nowymiarowej sali gimnastycznej;1 560 000,00 z³
123;³ódzkie;³owicki;Gmina;Zduny;Nowe Zduny;Budowa hali sportowej;1 281 300,00 z³
124;³ódzkie;zgierski;Gmina Miasta;G³owno;G³owno, ul. Kopernika 45;Budowa boisk do tenisa ziemnego;104 000,00 z³
125;³ódzkie;brzeziñski;Gmina;Rogów;Rogów, ul. Szkolna 4;Modernizacja sali gimnastycznej wraz z zapleczem;51 000,00 z³
126;³ódzkie;³ódzki wschodni;Gmina;Koluszki;Koluszki, ul. Ludowa 2;Remont, budowa hali sportowej, si³owni zewnêtrznej;79 600,00 z³
127;³ódzkie;opoczyñski;Gmina;S³awno;Gawrony, Grudzeñ Las, Ostro¿na, S³awno;Budowa kompleksu boisk sportowych;140 000,00 z³
128;³ódzkie;radomszczañski;Gmina Miasto;Radomsko;Radomsko, ul. Koœciuszki 3a;Remont  sal sportowych;96 100,00 z³
129;³ódzkie;m. Skierniewice;Miasto;Skierniewice;Skierniewice, ul. Nowobielañska 102;Budowa budynku zaplecza administracyjo-socjalnego;419 400,00 z³
130;³ódzkie;opoczyñski;Powiat;Opoczyñski;Opoczno, ul. ¯eromskiego 3;Remont kompleksu lekkoatletycznego i boisk wielofunkcyjnych;819 400,00 z³
131;³ódzkie;zgierski;Gmina Miasto;Ozorków;Ozorków, ul. Traugutta 2;Modernizacja hali sportowej;198 900,00 z³
132;³ódzkie;pabianicki;Miasto;Pabianice;Pabianice, ul. Or³a 1;Wymiana parkietu  sali sportowo-widowiskowej;44 200,00 z³
133;³ódzkie;piotrkowski;Gmina;Rozprza;Rozprza, ul. Szkolna 1;Przebudowa kompleksu lekkoatletycznego i boiska wielofunkcyjnego;523 600,00 z³
134;³ódzkie;opoczyñski;Gmina;S³awno;Prymusowa Wola;Modernizacja boiska wielofunkcyjnego;242 000,00 z³
135;³ódzkie;kutnowski;Powiat;Kutnowski;Kutno, ul. Oporowska 7;Przebudowa boiska wielofunkcyjnego i terenowych urz¹dzeñ sportowych;308 500,00 z³
136;³ódzkie;opoczyñski;Klub sportowy;"Uczniowski Miêdzyszkolny Ludowy Klub Sportowy ""PEGAZ""";Opoczno, ul. Partyzantów 1A;Modernizacja bie¿ni lekkoatletycznej;103 600,00 z³
137;ma³opolskie;tarnowski;Gmina;Tarnów;Koszyce Ma³e, ul. Oswiatowa 1;Budowa sali gimnastycznej oraz boiska wielofunkcyjnego;806 600,00 z³
138;ma³opolskie;gorlicki;Miasto;Gorlice;Gorlice, ul. Sportowa;Budowa skateparku;100 000,00 z³
139;ma³opolskie;m. Kraków;Gmina Miejska;Kraków;Kraków, os. Handlowe 4;Budowa Krytej p³ywalni;2 706 300,00 z³
140;ma³opolskie;m. Kraków;Gmina Miejska;Kraków;Kraków, os. Sportowe 28;Modernizacja dwóch boisk wielofunkcyjnych oraz terenowych urz¹dzeñ sportowych;117 200,00 z³
141;ma³opolskie;m. Kraków;Gmina Miejska;Kraków;Kraków, ul. Moszyñskiego 9;Budowa boiska wielofunkcyjnego;143 400,00 z³
142;ma³opolskie;nowos¹decki;Gmina;Stary S¹cz;Stary S¹cz, ul. Daszyñskiego 23;Budowa boiska wielofunkcyjnego;100 000,00 z³
143;ma³opolskie;nowos¹decki;Gmina;Stary S¹cz;Barcice;Budowa boiska wielofunkcyjnego;100 000,00 z³
144;ma³opolskie;nowos¹decki;Gmina;Stary S¹cz;Stary S¹cz, ul. Mickiewicza 59;Budowa boiska wielofunkcyjnego;115 200,00 z³
145;ma³opolskie;myœlenicki;Gmina;Lubieñ;Skomielna Bia³a, Skomielna Bia³a 757;Budowa boiska wielofunkcyjnego;219 400,00 z³
146;ma³opolskie;wielicki;Gmina;Biskupice;£azany;Budowa sali gimnastycznej z zapleczem i przewi¹zk¹;1 500 000,00 z³
147;ma³opolskie;suski;Gmina;Zembrzyce;Tarnwa Dolna;Modernizacja boiska pi³karskiego;149 200,00 z³
148;ma³opolskie;brzeski;Gmina;Brzesko;Brzesko, ul. Legionów Pi³sudskiego;Budowa hali sportowej;1 358 500,00 z³
149;ma³opolskie;nowos¹decki;Gmina;Podegrodzie;Mokra Wieœ, dzia³ka 144/a;Budowa boiska wielofunkcyjnego;100 000,00 z³
150;ma³opolskie;brzeski;Gmina;Dêbno;Maszkienice;Budowa boiska wielofunkcyjnego oraz boiska do pi³ki siatkowej;100 000,00 z³
151;ma³opolskie;tarnowski;Gmina;¯abno;Niedomice, ul. Szkolna 2;Budowa boiska wielofunkcyjnego;113 000,00 z³
152;ma³opolskie;tarnowski;Gmina;¯abno;Otfinów, dz. nr 1237/1 ;Budowa boiska pi³karskiego i boiska wielofunkcyjnego;119 600,00 z³
153;ma³opolskie;nowotarski;Powiat;Nowotarski;Jab³onka, ul. Podhalañska 3;Budowa sali gimnastycznej;945 800,00 z³
154;ma³opolskie;nowos¹decki;Powiat;Nowos¹decki;Marcinkowice, Marcinkowice 1;Budowa boiska wielofunkcyjnego;100 000,00 z³
155;ma³opolskie;wielicki;Gmina;Gdów;Gdów;Budowa hali sportowej;1 338 800,00 z³
156;ma³opolskie;brzeski;Gmina;Gnojnik;Biesiadki;Budowa sali gimnastycznej z ³¹cznikiem;606 500,00 z³
157;ma³opolskie;wielicki;Gmina;Wieliczka;Wieliczka, ul. Bogucka;Budowa trasy nartorolkowej, oraz boiska do pi³ki siatkowej pla¿owej;301 600,00 z³
158;ma³opolskie;m. Tarnów;Gmina Miasta;Tarnowa;Tarnów, ul. Legionów H. D¹browskiego 16;Modernizacja boiska pi³karskiego i bie¿ni lekkoatletycznej;113 400,00 z³
159;ma³opolskie;nowos¹decki;Gmina;Krynica-Zdrój;Tylicz, ul. Kazimierza Wielkiego 9;Budowa sali gimnastycznej;392 600,00 z³
160;ma³opolskie;gorlicki;Gmina;Biecz;Biecz, ul. Bochniewicza 2;Budowa boiska wielofunkcyjnego;94 700,00 z³
161;ma³opolskie;gorlicki;Gmina;Bobowa;Bobowa, ul. Sportowa 2;Remont i rozbudowa stadionu lekkoatletycznego;673 000,00 z³
162;ma³opolskie;limanowski;Gmina;NiedŸwiedŸ;Porêba Wielka;Remont boiska sportowego;69 000,00 z³
163;ma³opolskie;tarnowski;Gmina;Pleœna;Pleœna 228A;Remont hali sportowej;282 500,00 z³
164;ma³opolskie;myœlenicki;Inny;Myœlenicki Oœrodek Kultury i Sportu ;Myœlenice, ul. Ogrodowa 19;Modernizacja hali basenowej na krytej p³ywalni;633 100,00 z³
165;ma³opolskie;oœwiêcimski;Gmina;Kêty;Kêty, ul. Wyspiañskiego 1;Remont sali gimnastycznej wraz z wymian¹ zeskoczni;166 700,00 z³
166;ma³opolskie;myœlenicki;Gmina;Tokarnia;Tokarnia;Remont  boiska pi³karskiego;112 500,00 z³
167;ma³opolskie;bocheñski;Gmina;Bochnia;£apczyca;Remont i doposa¿enie  boiska wielofunkcyjnego;41 100,00 z³
168;ma³opolskie;bocheñski;Gmina;Bochnia;Nieszkowice Wielkie;Remont boiska wielofunkcyjnego;28 400,00 z³
169;ma³opolskie;bocheñski;Gmina;Bochnia;Gaw³ów;Remont boisk sportowych;67 200,00 z³
170;ma³opolskie;bocheñski;Gmina;Bochnia;Proszówki;Remont boiska do pi³ki rêcznej i boiska do pi³ki koszykowej;62 700,00 z³
171;ma³opolskie;tarnowski;Gmina;Rad³ów;Rad³ów, ul. Biskupicka;Remont boiska pi³karskiego;95 400,00 z³
172;ma³opolskie;myœlenicki;Gmina;Raciechowice;Czas³aw 105;Remont sali gimnastycznej;60 800,00 z³
173;ma³opolskie;myœlenicki;Gmina;Raciechowice;Czas³aw 105;Odbudowa boiska wielofunkcyjnego;202 500,00 z³
174;mazowieckie;radomski;Gmina;Jedliñsk;Jedliñsk, ul. Konopnickiej 2;Przebudowa i budowa boiska pi³karskiego, wielofunkcyjnego, bie¿ni okólnej i prostej, plenerowych urz¹dzeñ sportowych oraz budowa si³owni zewnêtrznej;300 000,00 z³
175;mazowieckie;wo³omiñski;Gmina;Zielonka;Zielonka, ul. Staszica 56;Budowa dwóch boisk wielofunkcyjnych oraz bie¿ni okólnej i prostej;270 000,00 z³
176;mazowieckie;przysuski;Gmina;Borkowice;Borkowice, ul. Ks. J. Wiœniewskiego 8;Budowa boiska pi³karskiego;250 000,00 z³
177;mazowieckie;makowski;Gmina;Krasnosielc;Amelin, Amelin 22;Budowa boiska wielofunkcyjnego;200 000,00 z³
178;mazowieckie;grodziski;Gmina;Jaktorów;Miêdzyborów;Budowa boiska pi³karskiego i wielofunkcyjnego, bie¿ni okólnej i terenowych urz¹dzeñ sportowych oraz zaplecza socjalno-szatniowego;480 000,00 z³
179;mazowieckie;ostrowski;Powiat;Ostrowski;Ostrów Mazowiecka, ul. Koœciuszki 36;Budowa sali gimnastycznej;840 000,00 z³
180;mazowieckie;warszawski zachodni;Gmina;B³onie;B³onie, ul. Norwida;Budowa sta³ego lodowiska z budynkiem zaplecza;255 000,00 z³
181;mazowieckie;wo³omiñski;Miasto;Koby³ka;Koby³ka, ul. Za³uskiego 57;Budowa hali sportowej;1 600 000,00 z³
182;mazowieckie;grodziski;Gmina;Jaktorów;Chylice, ul. Warszawska 88;Budowa boiska pi³karskiego;90 000,00 z³
183;mazowieckie;legionowski;Miasto i Gmina;Serock;Serock, ul. Pu³tuska 68;Modernizacja boiska wielofunkcyjnego;90 000,00 z³
184;mazowieckie;grójecki;Gmina;Nowe Miasto nad Pilic¹;Nowe Miasto nad Pilic¹, ul. Ogrodowa 23;Budowa budynku zaplecza;206 300,00 z³
185;mazowieckie;m³awski;Gmina;Wieczfnia Koœcielna;Windyki, Windyki 20;Budowa boiska wielofunkcyjnego;60 000,00 z³
186;mazowieckie;m. Siedlce;Miasto;Siedlce;Siedlce, ul. Wiœniowa 5;Budowa boiska do pi³ki rêcznej i wielofunkcyjnego, bie¿ni okólnej i prostej ze skoczni¹ do skoku w dal;140 000,00 z³
187;mazowieckie;przysuski;Gmina i Miasto;Przysucha;Przysucha, ul. Warszawska 45;Budowa hali sportowej;900 000,00 z³
188;mazowieckie;miñski;Miasto;Miñsk Mazowiecki;Miñsk Mazowiecki, ul. Budowlana 2;Budowa Sali sportowej;1 910 000,00 z³
189;mazowieckie;radomski;Gmina;Pionki;Suskowola;Budowa boiska pi³karskiego wraz z budynkiem zaplecza socjalnego;486 100,00 z³
190;mazowieckie;grójecki;Gmina;Goszczyn;Goszczyn, ul. Armii Krajowej 2;Budowa bie¿ni okólnej;150 000,00 z³
191;mazowieckie;m. Siedlce;Inny;Diecezja Siedlecka;Siedlce, ul. Soko³owska 172;Budowa Sali gimnastycznej;1 100 000,00 z³
192;mazowieckie;otwocki;Gmina;Celestynów;Celestynów, ul. Œw. Kazimierza 55;Budowa sali gimnastycznej;2 300 000,00 z³
193;mazowieckie;przysuski;Gmina;Wieniawa;Wieniawa, ul. Sportowa 7;Budowa boiska pi³karskiego przyszkolnego, bie¿ni okólnej i terenowych urz¹dzeñ sportowych;270 000,00 z³
194;mazowieckie;soko³owski;Powiat;Soko³owski;Soko³ów Podlaski, ul. Marii Sk³odowskiej Curie 24;Budowa hali spotowej;1 500 000,00 z³
195;mazowieckie;ostro³êcki;Gmina;Lelis;D³ugi K¹t;Budowa boiska pi³karskiego i do siatkówki pla¿owej wraz z budynkiem zaplecza;90 000,00 z³
196;mazowieckie;kozienicki;Powiat;Kozienicki;Kozienice, ul. Warszawska 72;Budowa boiska pi³karskiego;325 000,00 z³
197;mazowieckie;bia³obrzeski;Gmina;Promna;Promna-Kolonia;Modernizacja boiska pi³karskiego;50 000,00 z³
198;mazowieckie;radomski;Gmina;Gózd;Kuczki-Kolonia;Remont boiska pi³karskiego, bie¿ni okólnej i skoczni do skoku w dal;650 000,00 z³
199;mazowieckie;radomski;Gmina;Kowala;Mazowszany, Mazowszany 6;Budowa sali gimnastycznej;400 000,00 z³
200;mazowieckie;miñski;Gmina;Dêbe Wielkie;Cyganka, ul. Szkolna 21;Budowa boiska wielofuncyjnego oraz bie¿ni;100 000,00 z³
201;mazowieckie;przysuski;Gmina;Odrzywó³;Ossa;Budowa boiska wielofunkcyjnego;120 000,00 z³
202;mazowieckie;ostro³êcki;Gmina;Czarnia;Czarnia;Budowa boiska wielofunkcyjnego z bie¿ni¹ okóln¹ oraz boiska do siatkówki i skoczni w dal;100 000,00 z³
203;mazowieckie;wyszkowski;Gmina;Wyszków;Rybienko Leœne, ul. Batorego 6;Budowa boiska wielofunkcyjnego;100 000,00 z³
204;mazowieckie;wyszkowski;Gmina;Wyszków;Rybno, ul. Nadbu¿añska;Budowa boiska pi³karskiego i wielofunkcyjnego;125 000,00 z³
205;mazowieckie;siedlecki;Gmina;Zbuczyn;Dziewule, ul. Koœcielna 10;Budowa sali gimnastycznej;230 000,00 z³
206;mazowieckie;ostro³êcki;Gmina;Baranowo;Jastrz¹bka;Budowa boiska wielofunkcyjnego;50 000,00 z³
207;mazowieckie;M. P³ock;Gmina Miasto;P³ock;P³ock, os. Borowiczki;Budowa boiska wielofunkcyjnego wraz z zapleczem sanitarno-szatniowym;150 000,00 z³
208;mazowieckie;wyszkowski;Gmina;Somianka;Wola Mystkowska;Budowa hali sportowej;240 000,00 z³
209;mazowieckie;m. Radom;Gmina Miasta;Radom;Radom, ul. D³ugojowska 10;Budowa boiska wielofunkcyjnego i terenowych urz¹dzeñ sportowych;100 000,00 z³
210;mazowieckie;m. Radom;Gmina Miasta;Radom;Radom, ul. Kusociñskiego 8;Budowa boiska wielofunkcyjnego;100 000,00 z³
211;mazowieckie;m. Radom;Gmina Miasta;Radom;Radom, ul. Krucza 2/10;Budowa boiska do pi³ki noznej;100 000,00 z³
212;mazowieckie;m. Radom;Gmina Miasta;Radom;Radom, ul. Wyœcigowa 49;Budowa boiska pi³karskiego i bie¿ni czterotorowej;100 000,00 z³
213;mazowieckie;grójecki;Gmina;Chynów;Su³kowice, ul. Ogrodowa 38A;Budowa sali gimnastycznej;540 000,00 z³
214;mazowieckie;m. st. Warszawa;Miasto;Warszawa;Warszawa, ul. Sosnkowskiego 3;Przebudowa bie¿ni na stadionie;140 000,00 z³
215;mazowieckie;m. st. Warszawa;Miasto;Warszawa/Ursus;Warszawa, ul. Keniga 20;Przebudowa boiska pi³karskiego i wielofunkcyjnego;222 200,00 z³
216;mazowieckie;legionowski;Gmina;Nieporêt;Nieporêt, ul. Dworcowa 9;Budowa Sali sportowej;980 000,00 z³
217;mazowieckie;legionowski;Gmina;Nieporêt;Izabelin, ul. Szkolna 1;Budowa boiska wielofunkcyjnego;115 000,00 z³
218;mazowieckie;piaseczyñski;Gmina;Konstancin-Jeziorna;Konstancin-Jeziorna, ul. Bielawska;Budowa boiska wielofunkcyjnego, boiska do siatkówki, skateparku, œcianki wspinaczkowej i si³owni plenerowej;185 000,00 z³
219;mazowieckie;piaseczyñski;Gmina;Konstancin-Jeziorna;Opacz, Opacz 9;Budowa Sali gimnastycznej;500 000,00 z³
220;mazowieckie;ostro³êcki;Miasto;Ostro³êka;Ostro³êka, ul. Partyzantów 3;Remont  wielofunkcyjnej hali sportowej;643 800,00 z³
221;mazowieckie;otwocki;Gmina;Karczew;Karczew, ul. Ludwika i Jana Trzaskowskich 1;Przebudowa i modernizacja boiska pi³karskiego;1 000 000,00 z³
222;mazowieckie;przasnyski;Miasto;Przasnysz;Przasnysz, ul. Kiliñskiego 1;Remont sali gimnastycznej;340 200,00 z³
223;mazowieckie;ostro³êcki;Gmina;Rzekuñ;Rzekuñ, ul. Szkolna 1;Przebudowa boiska wielofunkcyjnego  i bie¿ni;163 700,00 z³
224;mazowieckie;sochaczewski;Gmina;Teresin;Teresin, ul. XX-lecia 32;Przebudowa kompleksu lekkoatletycznego;1 000 000,00 z³
225;mazowieckie;m. st. Warszawa;Szko³a/Uczelnia;Wojskowa Akademia Techniczna im. Jaros³awa D¹browskiego w Warszawie;Warszawa, ul. Gen. Kaliskiego 2;Przebudowa i remont boiska do siatkówki, koszykówki i wielofunkcyjnego;983 100,00 z³
226;mazowieckie;m. Radom;Inny;Miejski Oœrodek Sportu i Rekreacji w Radomiu Sp. z o.o.;;Remont boiska pi³karskiego;470 300,00 z³
227;mazowieckie;miñski;Powiat;Miñski;Miñsk Mazowiecki, Gen. K. Sosnkowskiego 43;Przebudowa  boiska wielofunkcyjnego oraz bie¿ni dwutorowej wraz z terenowymi urz¹dzeniami sportowymi;145 800,00 z³
228;mazowieckie;sochaczewski;Gmina;Rybno;RYBNO, ul. Wyszogrodzka;Budowa wraz z przebudow¹ zaplecza socjalnego, boiska sportowego;1 000 000,00 z³
229;mazowieckie;makowski;Miasto;Maków Mazowiecki;Maków Mazowiecki, ul. Admira³a Rickovera 1;Przebudowa budynku si³owni;502 200,00 z³
230;mazowieckie;przysuski;Gmina;Odrzywó³;Odrzywó³, ul. Warszawska 51;Remont  hali sportowej;115 600,00 z³
231;mazowieckie;wo³omiñski;Gmina;Zielonka;Zielonka, ul. £ukasiñskiego 1/3;Przebudowa boiska na boisko pi³karskie oraz prostej;182 500,00 z³
232;mazowieckie;warszawski zachodni;Gmina;B³onie;B³onie, ul. Lesznowska 15;Remont budynku hali sportowej;290 400,00 z³
233;mazowieckie;soko³owski;Powiat;Soko³owski;Soko³ów Podlaski, ul. Sadowa 11;Remont sali gimnastycznej;101 300,00 z³
234;opolskie;nyski;Gmina;G³ucho³azy;G³ucho³azy;Budowa basenu do nauki p³ywania oraz boisk do pla¿owej pi³ki no¿nej i pi³ki siatkowej;394 457,83 z³
235;opolskie;nyski;Powiat;Nyski;Nysa, ul. Orkana 6;Budowa boiska wielofunkcyjnego;140 000,00 z³
236;opolskie;nyski;Powiat;Nyski;Nysa, ul. Sobieskiego 2;Budowa boiska wielofunkcyjnego;140 000,00 z³
237;opolskie;kêdzierzyñsko-kozielski;Gmina;Bierawa;Bierawa, ul. Koœcielna 1;Remont boiska wielofunkcyjnego i bie¿ni prostej;50 000,00 z³
238;opolskie;brzeski;Gmina;Skarbimierz;Zwanowice;Budowa boiska wielofunkcyjnego;120 000,00 z³
239;opolskie;brzeski;Gmina;Skarbimierz;Brzezina;Budowa boiska wielofunkcyjnego;120 000,00 z³
240;opolskie;opolski;Gmina;Tu³owice;Szyd³ów, ul. Sportowa;Budowa boiska wielofunkcyjnego;130 000,00 z³
241;opolskie;strzelecki;Gmina;Kolonowskie;Staniszcze Ma³e, ul. Szkolna 1;Remont boiska wielofunkcyjnego;90 000,00 z³
242;opolskie;namys³owski;Gmina;Wilków;Wilków, ul. D³uga 38;Budowa boisk: wielofunkcyjnego, do pi³ko siatkowej, bie¿ni oraz terenowych urz¹dzeñ sportowych;200 000,00 z³
243;opolskie;prudnicki;Gmina;G³ogówek;G³ogówek, ul. Powstañców;Przebudowa boiska z nawierzchni¹ z trawy naturalnej na boisko pe³nowymiarowe ze sztucznej nawierzchni wraz z oœwietleniem.;497 200,00 z³
244;opolskie;Opole;Miasto;Opole;Opole, ul. Ozimska 48b;Remont i modernizacja krytej p³ywalni;233 700,00 z³
245;opolskie;kêdzierzyñsko-kozielski;Gmina;Kêdzierzyn-KoŸle;Kêdzierzyn-KoŸle, ul. Przodowników Pracy;Budowa boiska pi³karskiego;71 300,00 z³
246;opolskie;kêdzierzyñsko-kozielski;Gmina;Kêdzierzyn-KoŸle;Kêdzierzyn-KoŸle, Al.. Jana Paw³a II 31;Remont i przebudowa krytej p³ywalni;700 000,00 z³
247;opolskie;kêdzierzyñsko-kozielski;Gmina;Reñska Wieœ;Reñska Wieœ, ul. Opolska 7;Budowa bie¿ni okólnej i terenowych urz¹dzeñ sportowych;460 900,00 z³
248;opolskie;kêdzierzyñsko-kozielski;Gmina;Reñska Wieœ;Mechnica, ul. Kwiatowa 4;Modernizacja boiska wielofunkcyjnego;70 000,00 z³
249;opolskie;kluczborski;Gmina;Kluczbork;Kluczbork, ul. Sportowa ;Rozbudowa oœwietlenia boiska treningowego;118 600,00 z³
250;opolskie;brzeski;Gmina;Brzeg;Brzeg, ul. O³awska 2A;Remont nawierzchni w hali sportowej;135 700,00 z³
251;opolskie;brzeski;Inny;Oœrodek Kultury i Rekreacji w Grodkowie;Grodków, ul. Klubowa 9;Remont hali sportowej;333 100,00 z³
252;podkarpackie;le¿ajski;Gmina;Grodzisko Dolne;Grodzisko Nowe;Budowa boisk: pi³karskiego i wielofunkcyjnego;100 000,00 z³
253;podkarpackie;mielecki;Gmina;Mielec;Rzêdzianowice, Trzêœñ, Ksi¹¿nice, Chorzelów;Budowa boisk wielofunkcyjnych;150 000,00 z³
254;podkarpackie;tarnobrzeski;Gmina;Nowa Dêba;Nowa Dêba, ul. Leœna;Budowa sali gimnastycznej;1 200 000,00 z³
255;podkarpackie;kolbuszowski;Gmina;Kolbuszowa;Werynia, Werynia 382;Budowa sali gimnastycznej i boiska wielofunkcyjnego;500 000,00 z³
256;podkarpackie;rzeszowski;Gmina;G³ogów Ma³opolski;G³ogów Ma³opolski;Budowa sali gimnastycznej;550 000,00 z³
257;podkarpackie;jaros³awski;Gmina;RoŸwienica;Wêgierka;Budowa sali gimnastycznej;500 000,00 z³
258;podkarpackie;mielecko;Gmina;Przec³aw;Rzemieñ;Budowa sali gimnastycznej;444 800,00 z³
259;podkarpackie;m. Rzeszów;Gmina Miasto;Rzeszów;Rzeszów, ul. Ofiar Katynia;Modernizacja boisk sportowych;200 000,00 z³
260;podkarpackie;sanocki;Gmina Miasta;Sanok;Sanok, ul. Jana III Sobieskiego 5;Budowa sali gimnastycznej i boiska wielofunkcyjnego;700 000,00 z³
261;podkarpackie;³añcucki;Miasto;£añcut;£añcut, ul. Kochanowskiego ;Budowa hali sportowej;1 700 000,00 z³
262;podkarpackie;ni¿añski;Gmina i Miasto;Nisko;Nisko, ul. D¹browskiego;Przebudowa stadionu sportowego;150 000,00 z³
263;podkarpackie;sanocki;Gmina;Zagórz;Czaszyn, £ukowe, Mokre;Budowa boisk wielofunkcyjnych;220 000,00 z³
264;podkarpackie;jaros³awski;Gmina;Wi¹zownica;Mo³odycz;Budowa sali gimnastycznej;400 000,00 z³
265;podkarpackie;jasielski;Miasto;Jas³o;Jas³o, ul. Wincentego Pola 9;Budowa Sali gimnastycznej;600 000,00 z³
266;podkarpackie;ropczycko-sêdziszowski;Gmina;Sêdziszów Ma³opolski;Bêdziemyœla;Budowa boiska pi³karskiego, boiska do pi³ki siatkowej i budynku zaplecza socjalno-sanitarnego;400 000,00 z³
267;podkarpackie;brzozowski;Gmina;Haczów;Haczów;Rozbudowa i przebudowa budynku szatni sportowej wraz z przebudow¹ miejsc siedz¹cych dla widzów oraz budowa oœwietlenia p³yty boiska;177 100,00 z³
268;podkarpackie;kroœnieñski;Gmina;Wojaszówka;Odrzykoñ, ul. Sportowa 2;Przebudowa i dobudowa boiska pi³karskiego i wielofunkcyjnego wraz z dobudowaniem bie¿ni okólnej;264 000,00 z³
269;podkarpackie;ropczycko-sêdziszowski;Gmina;Ropczyce;Ropczyce ul. Konarskiego 6;Remont krytej p³ywalni ;538 700,00 z³
270;podkarpackie;jasielski;Gmina;Nowy ¯migród;Nowy ¯migród, Nienaszów, £ê¿yny;Przebudowa 3 boisk wielofunkcyjnych;412 200,00 z³
271;podkarpackie;sanocki;Gmina;Bukowsko;Pobiedno;Przebudowa boiska wielofunkcyjnego;245 700,00 z³
272;podkarpackie;lubaczowski;Gmina;Lubaczów;Lisie Jamy, ul. Lwowska;Przebudowa okólnej bie¿ni lekkoatletycznej;100 000,00 z³
273;podkarpackie;lubaczowski;Gmina Miejska;Lubaczów;Lubaczów, ul. S³owackiego 9;Przebudowa kompleksu lekkoatletycznego;200 000,00 z³
274;podkarpackie;dêbicki;Gmina;Dêbica;Pustynia;Przebudowa boiska wielofunkcyjnego, kortu tenisowego;299 700,00 z³
275;podkarpackie;ni¿añski;Gmina i Miasto;Ulanów;Bieliny, ul.Œw. Wojciecha 6;Przebudowa boiska wielofunkcyjnego i budynku zaplecza sanitarno -szatniowego;158 400,00 z³
276;podkarpackie;sanocki;Gmina;Zarszyn;Zarszyn, ul. Szkolna;Przebudowa  i remont boiska wielofunkcyjnego i sali gimnastycznej;200 000,00 z³
277;podkarpackie;kolbuszowski;Powiat;Kolbuszowski;Werynia 502;Przebudowa boiska wielofunkcyjnego;198 300,00 z³
278;podkarpackie;m. Krosno;Gmina;Krosno;Krosno, ul. Decowskiego 9;Przebudowa boisk (wielofunkcyjne i pi³karskie);308 300,00 z³
279;podkarpackie;m. Krosno;Gmina;Krosno;Krosno, ul. Powstañców Œl¹skich 75;Przebudowa boiska wielofunkcyjnego;130 200,00 z³
280;podkarpackie;kroœnieñski;Gmina;Jaœliska;Jaœliska;Przebudowa bie¿ni lekkoatletycznej;273 000,00 z³
281;podkarpackie;jasielski;Miasto;Jas³o;Jas³o, ul. Sikorskiego 15;Termomodernizacja i przebudowa hali sportowej;902 200,00 z³
282;podlaskie;³om¿yñski;Gmina;£om¿a;Konarzyce, ul Szkolna 4;Budowa boiska wielofunkcyjnego;108 400,00 z³
283;podlaskie;³om¿yñski;Gmina;£om¿a;Podgórze, ul. Szkolna;Budowa boiska wielofunkcyjnego;112 000,00 z³
284;podlaskie;³om¿yñski;Gmina;£om¿a;Jarnuty, Jarnuty 1;Budowa boiska wielofunkcyjnego;56 000,00 z³
285;podlaskie;kolneñski;Inny;Kolneñski Oœrodek Kultury i Sportu;Kolno, ul. Marii D¹browskiej 4;Budowa i remont boiska do pi³ki pla¿owej, remont elementów kompleksu sportowego;105 400,00 z³
286;podlaskie;grajewski;Gmina;Radzi³ów;Radzi³ów, ul. Sportowa;Budowa boiska wielofunkcyjnego;320 000,00 z³
287;podlaskie;augustowski;Powiat;Augustowski;Augustów, al. Kardyna³a Wyszyñskiego 1;Budowa boiska wielofunkcyjnego;182 000,00 z³
288;podlaskie;siemiatycki;Miasto;Siemiatycze;Siemiatycze, ul. Andersa 4;Przebudowa boiska wielofunkcyjnego;99 000,00 z³
289;podlaskie;m. Suwa³ki;Miasto;Suwa³ki;Suwa³ki, ul. T. Koœciuszki 36, 38, 38A oraz ul. Weso³a;Budowa boiska wielofunkcyjnego;164 000,00 z³
290;podlaskie;m. Suwa³ki;Miasto;Suwa³ki;Suwa³ki, ul. Sejneñska 12;Budowa boiska pi³karskiego, boiska wielofunkcyjnego, bie¿ni i zaplecza socjalno-sanitarnego;512 000,00 z³
291;podlaskie;bia³ostocki;Gmina;£apy;Uhowo, ul. Szkolna 19;Budowa sali gimnastycznej;864 000,00 z³
292;podlaskie;bia³ostocki;Gmina;£apy;£apy, ul. Letnia 1;Budowa sali gimnastycznej;736 000,00 z³
293;podlaskie;moniecki;Gmina;Moñki;Moñki, ul. Tysi¹clecia 17;Budowa bie¿ni;156 000,00 z³
294;podlaskie;augustowski;Gmina Miasto;Augustów;Augustów, ul. Nowomiejska 41;Budowa boiska wielofunkcyjnego;205 000,00 z³
295;podlaskie;augustowski;Gmina Miasto;Augustów;Augustów, ul. Mjr. H. Sucharskiego 15;Remont krytej p³ywalni;148 600,00 z³
296;podlaskie;M. £om¿a;Miasto;£om¿a;£om¿a, ul. Stacha Konwy 11;Budowa boiska pi³karskiego, biezni i terenowych urz¹dzeñ sportowych;474 000,00 z³
297;podlaskie;M. £om¿a;Miasto;£om¿a;£om¿a, ul. Niemcewicza 17;Budowa boiska pi³karskiego, bie¿ni i skoczni;435 000,00 z³
298;podlaskie;bia³ostocki;Gmina;Micha³owo;Micha³owo, ul. Leœna;Budowa boiska pi³karskiego;195 000,00 z³
299;podlaskie;M. Bia³ystok;Klub sportowy;"Bia³ostocki Klub Sportowy ""Hetman""";Bia³ystok, ul. Kawaleryjna 17A;Budowa sali gimnastycznej;750 000,00 z³
300;podlaskie;m. Bia³ystok;Miasto;Bia³ystok;Bia³ystok, ul. Marii Konopnickiej 3;Budowa boiska pi³karskiego i boiska wielofunkcyjnego;288 000,00 z³
301;podlaskie;m. Bia³ystok;Miasto;Bia³ystok;Bia³ystok, ul. Palmowa 28;Budowa boiska pi³karskiego;224 000,00 z³
302;podlaskie;bia³ostocki;Gmina;Juchnowiec Koœcielny;Juchnowiec Górny, ul. Szkolna 5;Budowa boiska do pi³ki no¿nej, boiska wielofunkcyjnego i terenowych urz¹dzeñ sportowych;398 800,00 z³
303;podlaskie;zambrowski;Gmina;Szumowo;Srebrna, Srebrna 81;Budowa sali gimnastycznej;550 000,00 z³
304;podlaskie;sokólski;Gmina;Sokó³ka;Sokó³ka, os. Zielone 2;Remont sali gimnastycznej;135 000,00 z³
305;podlaskie;zambrowski;Gmina;Rutki;Rutki-Kossaki;Budowa boiska pi³karskiego, bie¿ni okólnej i terenowych urz¹dzeñ sportowych;187 000,00 z³
306;podlaskie;grajewski;Gmina;Radzi³ów;Radzi³ów, ul. Sportowa;Przebudowa kortu tenisowego i terenowych urz¹dzeñ lekkoatletycznych;195 900,00 z³
307;podlaskie;grajewski;Powiat;Grajewski;Wojewodzin;Przebudowa boiska sportowego i terenowych urz¹dzeñ sportowych;196 000,00 z³
308;podlaskie;grajewski;Powiat;Grajewski;Nieækowo;Remont sali gimnastycznej ;57 700,00 z³
309;podlaskie;³om¿yñski;Gmina;Nowogród;Nowogród, ul. 11Listopada;Przebudowa  2 boisk w tym boisko do koszykówki i wielofunkcyjne;292 700,00 z³
310;pomorskie;tczewski;Gmina;Tczew;Mi³ob¹dz;Budowa sali gimnastycznej;450 000,00 z³
311;pomorskie;s³upski;Gmina;Damnica;Damnica, ul. Konopnickiej;Budowa boiska pi³karskiego;130 000,00 z³
312;pomorskie;s³upski;Gmina;G³ówczyce;Stowiêcino;Budowa sali gimnastycznej wraz z ³¹cznikiem;500 000,00 z³
313;pomorskie;koœcierski;Gmina;Karsin;Osowo, ul. Wielewska;Budowa boiska wielofunkcyjnego;80 000,00 z³
314;pomorskie;m. Gdañsk;Miasto;Gdañsk;Gdañsk, ul. Meissnera;Budowa boiska pi³karskiego;1 000 000,00 z³
315;pomorskie;lêborski;Gmina Miasto;Lêbork;Lêbork, ul. Kossaka 103;Budowa boiska pi³karskiego, boiska wielofunkcyjnego i bie¿ni lekkoatletycznej;150 000,00 z³
316;pomorskie;kartuski;Gmina;Somonino;Egiertowo 1;Budowa hali sportowej;400 000,00 z³
317;pomorskie;kwidzyñski;Miasto;Kwidzyn;Kwidzyn, ul. Warszawska 13;Budowa boiska pi³karskiego i boiska wielofunkcyjnego;176 340,00 z³
318;pomorskie;tczewski;Gmina Miejska;Tczew;Tczew, osiedle Bajkowe, Aleja Kociewska;Budowa boiska wielofunkcyjnego;100 000,00 z³
319;pomorskie;m. S³upsk;Klub sportowy;"Klub Strzelecki ""Gryf S³upsk""";S³upsk, ul. Zamiejska 30;Przebudowa czêœci klubu na zamkniêt¹ strzelnicê pneumatyczn¹;100 000,00 z³
320;pomorskie;koœcierski;Gmina;Stara Kiszewa;Stara Kiszewsa, ul. Tysi¹clecia 25;Budowa hali sportowej;2 000 000,00 z³
321;pomorskie;bytowski;Gmina;Czarna D¹brówka;Kozy;Budowa boiska wielofunkcyjnego;105 500,00 z³
322;pomorskie;gdañski;Gmina;Przywidz;Przywidz, ul. Gdañska 11;Budowa hali sportowej;2 000 000,00 z³
323;pomorskie;M. Gdañsk;Klub sportowy;SKS Polonia Gdañsk;SKS Polonia Gdañsk;Remont zaplecza szatniowo-sanitarnego;40 300,00 z³
324;pomorskie;wejherowski;Województwo;Pomorskie;Wejherowo, ul. Sobieskiego 279;Modernizacja boiska wielofunkcyjnego;150 000,00 z³
325;pomorskie;pucki;Gmina;Kosakowo;Kosakowo, ul. ¯eromskiego;Budowa centrum sportowego;2 000 000,00 z³
326;pomorskie;kartuski;Gmina;Sierakowice;Lisie Jamy, Lisie Jamy 60A;Budowa Sali sportowej;500 000,00 z³
327;pomorskie;kartuski;Gmina;¯ukowo;Banino, ul. Tuchomska;budowa Sali sportowej;2 000 000,00 z³
328;pomorskie;cz³uchowski;Powiat;Cz³uchowski;Cz³uchów, ul. Koszaliñska 2B;budowa hali sportowej;2 000 000,00 z³
329;pomorskie;cz³uchowski;Gmina Miejska;Cz³uchów;Cz³uchów, ul. Œrednia 4;Remont sali gimnastycznej;221 600,00 z³
330;pomorskie;m. Gdynia;Gmina Miasta;Gdyni;Gdynia, ul. Olimpijska;Remont  hali lekkoatletycznej wraz z budynkiem zaplecza;198 800,00 z³
331;pomorskie;sztumski;Miasto i Gmina;Sztum;Sztum, ul. Reja;Budowa budynku zaplecza sanitarno-szatniowego;1 000 000,00 z³
332;pomorskie;m. Gdynia;Gmina Miasta;Gdynia;Gdynia, ul. Olimpijska;Remont Hali Sportowej - Gdyñski Oœrodek Sportu i Rekreacji;115 200,00 z³
333;pomorskie;koœcierski;Gmina Miejska;Koœcierzyna;Koœcierzyna, ul. Marii Sk³odowskiej Curie 6;Modernizacja kompleksu lekkoatletycznego;170 800,00 z³
334;pomorskie;starogardzki;Gmina Miejska;Starogard Gdañski;Starogard Gdañski, ul Hallera 19a;Remont hali sportowej;377 400,00 z³
335;œl¹skie;wodzis³awski;Miasto;Rydu³towy;Rydu³towy, ul. Strzelców Bytomskich;Modernizacja boiska wielofunkcyjnego;62 700,00 z³
336;œl¹skie;gliwicki;Miasto;Gliwice;Gliwice, ul. Kujawska;Modernizacja boiska pi³karskiego;165 700,00 z³
337;œl¹skie;m. ¯ory;Gmina Miejska;¯ory;¯ory, ul. Powstañców 6;Budowa boiska wielofunkcyjnego;103 600,00 z³
338;œl¹skie;bêdziñski;Miasto;Bêdzin;Bêdzin, ul. Stalickiego 1;Budowa boiska wielofunkcyjnego, bie¿ni sprinterskiej;326 400,00 z³
339;œl¹skie;m. Rybnik;Miasto;Rybnik;Rybnik, ul. Grunwaldzka 18;Budowa hali sportowej z ³¹cznikiem;1 432 800,00 z³
340;œl¹skie;wodzis³awski;Gmina;Godów;Godów, ul. Szkolna 11;Budowa Sali gimnastycznej;600 000,00 z³
341;œl¹skie;czêstochowski;Gmina;Olsztyn;Olsztyn, ul. Zielona 70;Modernizacja boiska pi³karskiego;174 000,00 z³
342;œl¹skie;tarnogórski;Inny;Biblioteka i Oœrodek Kultury Gmiy O¿arowice w T¹pkowicach;O¿arowice, ul. Sportowa 1;Budowa boiska wielofunkcyjnego z budynkiem zaplecza, skateparku oraz si³owni plenerowej;695 000,00 z³
343;œl¹skie;m. Sosnowiec;Gmina;Sosnowiec;Sosnowiec, ul. Jagielloñska;Budowa boiska wielofunkcyjnego;337 100,00 z³
344;œl¹skie;bielski;Gmina;Jasienica;Œwiêtoszówka, Œwiêtoszówka 40;Budowa boiska wielofunkcyjnego i bie¿ni prostej z zeskokiem do skoku w dal;100 000,00 z³
345;œl¹skie;m. Œwiêtoch³owice;Gmina;Œwiêtoch³owice;Œwiêtoch³owice, ul. Zubrzyckiego 38;Modernizacja boiska wielofunkcyjnego, terrenowych urz¹dzeñ sportowych i oœwietlenia;156 100,00 z³
346;œl¹skie;wodzis³awski;Gmina Miasto;Wodzis³aw Œl¹ski;Wodzis³aw Œl¹ski;Budowa boisk wielofunkcyjnych;120 000,00 z³
347;œl¹skie;bêdziñski;Gmina;Siewierz;Dziewki;Budowa boiska wielofunkcyjnego;75 000,00 z³
348;œl¹skie;M. Mys³owice;Gmina;Mys³owice;Mys³owice, ul. Reja 28;Budowa boiska wielofunkcyjnego;69 600,00 z³
349;œl¹skie;miko³owski;Gmina Miejska;£aziska Górne;£aziska Górne, ul. Sportowa;Budowa skateparku;172 000,00 z³
350;œl¹skie;myszkowski;Gmina;Myszków;Myszków, ul. 3 Maja;Budowa skateparku;99 000,00 z³
351;œl¹skie;bielski;Gmina;Wilamowice;Zasole Bielañskie, ul. Nowy Œwiat, ul. Piêkna;Budowa boiska wielofuncyjnego i placu zabaw;155 700,00 z³
352;œl¹skie;wodzis³awski;Miasto;Radlin;Radlin, Rymera 170;Budowa sali gimnastycznej;928 000,00 z³
353;œl¹skie;zawierciañski;Gmina;Zawiercie;Zawiercie, ul. Zarzecze 2;Budowa boisk: wielofunkcyjnego, do pi³ko siatkowej i bie¿ni prostej;215 100,00 z³
354;œl¹skie;¿ywiecki;Gmina;Wêgierska Górka;Wêgierska Górka, ul. 3 Maja;Modernizacja stadionu lekkoatletycznego;385 000,00 z³
355;œl¹skie;tarnogórski;Gmina;Miasteczko Œl¹skie;Miasteczko Œl¹skie, ul. Dworcowa 5;Budowa Sali gimnastycznej z zapleczem socjalnym;1 065 200,00 z³
356;œl¹skie;bielski;Gmina;Czechowice-Dziedzice;Czechowice-Dziedzice, ul. Legionów;Budowa boiska pi³karskiego;500 000,00 z³
357;œl¹skie;myszkowski;Gmina i Miasto;Kozieg³owy;Gniazdów;Budowa kompleksu rekreacyjno-sportowego;2 042 400,00 z³
358;œl¹skie;bêdziñski;Miasto;Bêdzin;Bêdzin, ul. Rewolucjonistów 18;Remont sali gimnastycznej;226 400,00 z³
359;œl¹skie;czêstochowski;Gmina;K³omnice;K³omnice, ul Czêstochowska 3;Renowacja i modernizacja boiska pi³karskiego;437 057,00 z³
360;œl¹skie;myszkowski;Gmina;¯arki;¯arki, ul. Steinkellera;Przebudowa boiska pi³karskiego;809 000,00 z³
361;œl¹skie;lubliniecki;Gmina;Lubliniec;Lubliniec, ul. S¹dowa;Remont i rozbudowa stadionu szkolnego;796 400,00 z³
362;œl¹skie;czêstochowski;Gmina;Lelów ;Lelów, ul. Szczekocinska 41;Przebudowa  stadionu sportowego;593 600,00 z³
363;œl¹skie;myszkowski;Gmina;Poraj;Poraj, ul. Górnicza;Przebudowa boiska pi³karskiego na kort do tenisa ziemnego;97 500,00 z³
364;œl¹skie;m. Chorzów;Miasto;Chorzów;Chorzów, ul. Lompy 10a;Modernizacja           stadionu sportowego;568 800,00 z³
365;œl¹skie;wodzis³awski;Miasto;Radlin;Radlin, ul. Mariacka;Modernizacja boiska pi³karskiego;719 200,00 z³
366;œl¹skie;tarnogórski;Miasto;Kalety;Kalety, ul. Fabryczna;Remont bie¿ni wokó³ boiska pi³karskiego;217 000,00 z³
367;œl¹skie;m. Katowice;Szko³a/Uczelnia;Akademia Wychowania Fizycznego im. Jerzego Kukuczki w Katowicach;Katowice, ul. Miko³owska 72;Termomodernizacja sali sportowej;848 000,00 z³
368;œwiêtokrzyskie;buski;Gmina;Busko-Zdrój;Busko-Zdrój, ul. Kusociñskiego;Remont bie¿ni i urz¹dzeñ lekkoatletycznych;266 900,00 z³
369;œwiêtokrzyskie;kielecki;Gmina;Daleszyce;Mójcza;Budowa sali gimnastycznej ;540 000,00 z³
370;œwiêtokrzyskie;ostrowiecki;Gmina;Æmielów;Brzóstowa;Budowa boiska wielofunkcyjnego;178 800,00 z³
371;œwiêtokrzyskie;kielecki;Gmina;Nowa S³upia;Rudki;Przebudowa, budowa, remont boiska pi³karskiego, budowa boiska i remont sali treningowej;100 000,00 z³
372;œwiêtokrzyskie;starachowicki;Gmina;Starachowice;Starachowice, ul. Szkolna;Budowa boiska pi³karskiego;60 700,00 z³
373;œwiêtokrzyskie;sandomierski;Gmina;Obrazów;G³azów, G³azów 80;Budowa boiska pi³karskiego i bie¿ni prostej;54 000,00 z³
374;œwiêtokrzyskie;kielecki;Gmina;Bodzentyn;Bodzentyn, ul. Wolnoœci;Budowa skateparku;81 400,00 z³
375;œwiêtokrzyskie;konecki;Gmina;Smyków;Przy³ogi;Budowa boiska wielofunkcyjnego;151 000,00 z³
376;œwiêtokrzyskie;konecki;Gmina;St¹porków;Krasna;Budowa boiska wielofunkcyjnego;90 000,00 z³
377;œwiêtokrzyskie;opatowski;Gmina;Sadowie;Sadowie, dzia³ka nr 164/2;Budowa boiska wielofunkcyjnego;100 000,00 z³
378;œwiêtokrzyskie;buski;Powiat;Buski;Busko-Zdrój, ul. Rehabilitacyjna 1;Budowa boiska pi³karskiego, wielofunkcyjnego i terenowych urz¹dzeñ sportowych;260 000,00 z³
379;œwiêtokrzyskie;buski;Gmina;Wiœlica;Wiœlica, ul. Podwale 1;Budowa hali sportowej;3 150 000,00 z³
380;œwiêtokrzyskie;piñczowski;Gmina;Piñczów;Piñczów, ul. Pa³êki 26;Budowa i remont 2 boisk wielofunkcyjnych, 2 boisk do pi³ki pla¿owej, bie¿ni, toru crossowo-rowerowego i remont 2 budynków zaplecza;484 000,00 z³
381;œwiêtokrzyskie;piñczowski;Gmina;Piñczów;Piñczów, ul. 1 Maja 5;Budowa 2 boisk wielofunkcyjnych, bie¿ni i skoczni;200 400,00 z³
382;œwiêtokrzyskie;M. Kielce;Inny;Diecezja Kielecka;Kielce, ul. œw. Stanis³awa Kostki 17;Budowa hali sportowej;1 600 000,00 z³
383;œwiêtokrzyskie;m. Kielce;Szko³a/Uczelnia;Uniwersytet Jana Kochanowskiego w Kielcach;Kielce, ul. Œwiêtokrzyska 21;Budowa hali sportowej;1 904 000,00 z³
384;œwiêtokrzyskie;ostrowiecki;Gmina;Ostrowiec Œwiêtokrzyski;Ostrowiec Œwiêtokrzyski, ul. Mickiewicza 32;Remont krytej p³ywalni olimpijskiej;277 570,00 z³
385;warmiñsko-mazurskie;i³awski;Gmina;I³awa;Franciszkowo;Budowa boiska wielofunkcyjnego;160 000,00 z³
386;warmiñsko-mazurskie;szczycieñski;Gmina;Wielbark;£atana Wielka 14;Budowa sali gimnastycznej z zapleczem sanitarno-szatniowym ;600 000,00 z³
387;warmiñsko-mazurskie;kêtrzyñski;Gmina;Korsze;Korsze, ul. Koœciuszki 12;Budowa hali widowiskowo-sportowej;1 443 600,00 z³
388;warmiñsko-mazurskie;olsztyñski;Gmina;Kolno;Kolno, Kolno 29A;Budowa Sali gimnastycznej;2 000 000,00 z³
389;warmiñsko-mazurskie;i³awski;Gmina Miejska;I³awa;I³awa, ul. Koœciuszki 2;Budowa sali gimnastycznej;1 580 300,00 z³
390;warmiñsko-mazurskie;braniewski;Gmina;Pieniê¿no;Pieniê¿no, ul. Parkowa;Budowa Sali gimnastycznej z zapleczem dydaktycznym;2 110 000,00 z³
391;warmiñsko-mazurskie;szczycieñski;Gmina;Œwiêtajno;Spychowo, Mazurska 5;Budowa Sali gimnastycznej;1 142 900,00 z³
392;warmiñsko-mazurskie;gi¿ycki;Gmina;Kruklanki;Boæwinka, Boæwinka 12;Budowa boiska wielofunkcyjnego;100 000,00 z³
393;warmiñsko-mazurskie;nowomiejski;Gmina;Kurzêtnik;Tereszewo;Budowa boiska wielofunkcyjnego;160 000,00 z³
394;warmiñsko-mazurskie;i³awski;Gmina;Susz;Susz, ul. Wybickiego (obrêb 5 dzia³ka nr 176/1);Budowa skateparku;150 000,00 z³
395;warmiñsko-mazurskie;elbl¹ski;Gmina;Pas³êk;Pas³êk, pl. 1000-lecia;Budowa si³owni zewnêtrznej i terenowych urz¹dzeñ sportowych;110 000,00 z³
396;warmiñsko-mazurskie;e³cki;Gmina;Stare Juchy;Stare Juchy, ul. Mazurska 11;Budowa boiska wielofunkcyjnego;140 000,00 z³
397;warmiñsko-mazurskie;nidzicki;Powiat;Nidzicki;Nidzica, ul. Jagie³³y 3;Budowa boiska wielofunkcyjnego;150 000,00 z³
398;warmiñsko-mazurskie;mr¹gowski;Gmina;Piecki;Piecki, ul. Zwyciêstwa;Remont boiska pi³karskiego;98 200,00 z³
399;warmiñsko-mazurskie;gi¿ycki;Gmina Miejska;Gi¿ycko;Gi¿ycko, ul. Moniuszki 5;Renowacja p³yty g³ównej oraz nawierzchni bocznej boisk stadionu;100 000,00 z³
400;warmiñsko-mazurskie;olsztyñski;Gmina;Dywity;Dywity;Przebudowa kompleksu lekkoatletycznego i boiska do pi³ki no¿nej;857 500,00 z³
401;warmiñsko-mazurskie;gi¿ycki;Powiat;Gi¿ycki;Gi¿ycko, ul. Nadbrze¿na 15;Remont budynku zaplecza ¿eglarskiego;36 900,00 z³
402;warmiñsko-mazurskie;i³awski;Powiat;I³awski;I³awa, ul. Kopernika 8;Przebudowa kompleksu lekkoatletycznego i boiska wielofunkcyjnego;705 200,00 z³
403;warmiñsko-mazurskie;ostródzki;Powiat;Ostródzki;Ostróda, Ul. Kardyna³a Stefana Wyszyñskiego 2;Przebudowa  dachu na budynku sali gimnastycznej ;109 800,00 z³
404;warmiñsko-mazurskie;M. Elbl¹g;Gmina Miasto;Elbl¹g;Elbl¹g, ul. Królewska 42;Przebudowa boiska wielofunkcyjnego z lekkim przekryciem namiotowym;544 700,00 z³
405;warmiñsko-mazurskie;m. Elbl¹g;Gmina Miasto;Elbl¹g;Elbl¹g, ul. Koœciuszki 77a;Remont hali sportowej - wymiana nawierzchni i wykonanie wentylacji pog³ogowej;252 700,00 z³
406;warmiñsko-mazurskie;olecki;Powiat;Olecki;Olecko, ul. Go³dapska 29;Remont i modernizacja  boiska wielofunkcyjnego;176 300,00 z³
407;wielkopolskie;z³otowski;Gmina i Miasto;Krajenka;Skórka, ul. Z³otowska;Budowa boiska wielofunkcyjnego;130 600,00 z³
408;wielkopolskie;turecki;Gmina Miejska;Turek;Turek, ul. 3 Maja 29;Budowa hali sportowej;952 200,00 z³
409;wielkopolskie;pleszewski;Inny;Sport Pleszew sp. z o.o.;Pleszew, ul. Krzywoustego 4;Budowa hali sportowej;1 998 200,00 z³
410;wielkopolskie;turecki;Powiat;Turecki;Turek, ul. Milewskiego 3b;Budowa hali sportowej;1 212 800,00 z³
411;wielkopolskie;poznañski;Gmina;Suchy Las;Suchy Las, ul. Forteczna;Budowa boiska pi³karskiego;650 000,00 z³
412;wielkopolskie;gostyñski;Gmina;Poniec;Poniec, ul. Szkolna;Budowa hali widowiskowo-sportowej;1 292 800,00 z³
413;wielkopolskie;kaliski;Gmina;Szczytniki;Popów, Popów 54;Budowa sali gimnastycznej ;365 000,00 z³
414;wielkopolskie;rawicki;Gmina;Rawicz;Mas³owo, ul. Œl¹ska 58;Budowa sali gimnastycznej;562 500,00 z³
415;wielkopolskie;wrzesiñski;Gmina;Nekla;Zasutowo, ul. Kwiatowa 5 ;Budowa hali sportowej;734 000,00 z³
416;wielkopolskie;ostrowski;Gmina Miasto;Ostrów Wielkopolski ;Ostrów Wielkopolski, ul. Batorego 2;Budowa pe³nowymiarowej sali sportowa;1 125 000,00 z³
417;wielkopolskie;m. Leszno;Miasto;Leszno;Leszno, ul. 17 stycznia 68;Budowa zadaszonego lodowiska wraz z zapleczem;991 100,00 z³
418;wielkopolskie;krotoszyñski;Miasto i Gmina;Krotoszyn;Krotoszyn, al.. Powstañców Wlkp. 13;Budowa hali sportowo-widowiskowej;2 000 000,00 z³
419;wielkopolskie;nowotomyski;Gmina;Zb¹szyñ;Zb¹szyñ;Budowa bie¿ni okólnej i terenowych urz¹dzeñ sportowych;504 882,00 z³
420;wielkopolskie;poznañski;Miasto;Puszczykowo;Puszczykowo, ul. Koœcielna 7;Budowa wielofunkcyjnego boiska sportowego;102 000,00 z³
421;wielkopolskie;s³upecki;Powiat;S³upecki;Strza³kowo, ul. Górna 12;Przebudowa hali sportowej;114 200,00 z³
422;wielkopolskie;obornicki;Gmina;Oborniki;Obornik, ul. Objezierska 2;Przebudowa i remont boiska pi³karskiego oraz remont budynku zaplecza;211 800,00 z³
423;wielkopolskie;nowotomyski;Gmina;Opalenica;Opalenica, ul. Poznañska 37;Modernizacja sali sportowej;138 000,00 z³
424;wielkopolskie;kolski;Gmina;Babiak;Ozorzyn Babiak, ul. Poznañska 22;Modernizacja kompleksu lekkoatletycznego i boiska;575 400,00 z³
425;wielkopolskie;chodzieski;Gmina Miejska;Chodzie¿;Chodzie¿, ul. Kochanowskiego 1;Rozbudowa sali gimnastycznej oraz adaptacja pomieszczeñ na zaplecze sanitarno-szatniowe;668 900,00 z³
426;wielkopolskie;gnieŸnieñski;Gmina Miasto;Gniezno;Gniezno, ul. Strumykowa 8;Przebudowa boiska sportowego;1 000 000,00 z³
427;wielkopolskie;s³upecki;Gmina Miejska;S³upca;S³upca, ul. Gajowa 4;Przebudowa kompleksu lekkoatletycznego;369 900,00 z³
428;wielkopolskie;s³upecki;Powiat;S³upecki;S³upca, ul. Kopernika 11A;Remont sali gimnastycznej;26 000,00 z³
429;wielkopolskie;turecki;Gmina Miejska;Turek;Turek, ul. Sportowa 9;Przebudowa  sali gimnastycznej z zapleczem;281 600,00 z³
430;wielkopolskie;s³upecki;Gmina;L¹dek ;L¹dek, ul. Pyzderska 31;Przebudowa i budowa boiska pi³karskiego i wielofunkcyjnego oraz budowa skoczni do skoku w dal;214 600,00 z³
431;wielkopolskie;w¹growiecki;Gmina Miejska;W¹growiec;W¹growiec, ul. Koœciuszki 59;Remont hali widowiskowo-sportowej;112 300,00 z³
432;wielkopolskie;wolsztyñski;Gmina;Wolsztyn;Wolsztyn, ul. Drzyma³y;Rozbudowa i remont budynku przystani kajakowej i pomostu;214 400,00 z³
433;wielkopolskie;szamotulski;Miasto i Gmina;Szamotu³y;Otorowo;Przebudowa  bie¿ni sportowej;82 600,00 z³
434;wielkopolskie;w¹growiecki;Gmina;W¹growiec;W¹growiec, ul. Kolejowa 14;Remont boiska wielofunkcyjnego;216 700,00 z³
435;wielkopolskie;wrzesiñski;Powiat;Wrzesiñski;Wrzeœnia, ul. Witkowska 1;Budowa  boiska wielofunkcyjnego;218 300,00 z³
436;wielkopolskie;pleszewski;Klub sportowy;Sport Pleszew sp. z o.o.;Pleszew, al. Wojska Polskiego 17;Remont kompleksu lekkoatletycznego;697 600,00 z³
437;zachodniopomorskie;goleniowski;Gmina;Goleniów;Goleniów, ul. Sportowa 25;Przebudowa stadionu miejskiego-lekkoatletycznego;850 000,00 z³
438;zachodniopomorskie;gryficki;Gmina;Gryfice;Gryfice, ul. Sienkiewicza 10;Budowa basenu;2 700 000,00 z³
439;zachodniopomorskie;œwidwiñski;Powiat;Œwidwiñski;Œwidwin, ul. Szczeciñska 88;Budowa hali sportowej;1 500 000,00 z³
440;zachodniopomorskie;bia³ogardzki;Inny;Bia³ogardzki Oœrodek Sportu i Rekreacji Sp. z o.o.;Bia³ogard, ul. Moniuszki;Budowa krytej p³ywalni;3 000 000,00 z³
441;zachodniopomorskie;M. Koszalin;Inny;Zarz¹d Obiektów Sportowych Spó³ka z o.o.;Koszalin, ul. Rolna;Budowa kompleksu Wodno-Rekreacyjnego;3 000 000,00 z³
442;zachodniopomorskie;m. Szczecin;Gmina Miasto;Szczecin;Szczecin, ul. Kazimierza Królewicz 63;Budowa krytej p³ywalni;3 000 000,00 z³
443;zachodniopomorskie;goleniowski;Gmina;Stepnica;Racimierz, ul. Niepodleg³oœci 9;Budowa sali gimnastycznej;400 000,00 z³
444;zachodniopomorskie;kamieñski;Gmina;Kamieñ Pomorski;Kamieñ Pomorski, ul. Woliñska;Przebudowa boiska pi³karskiego;628 400,00 z³
445;zachodniopomorskie;pyrzycki;Gmina;Warnice;Warnice, Obryta;Rozbudowa bazy sportowej;200 000,00 z³
446;zachodniopomorskie;drawski;Gmina;Drawsko Pomorskie;Drawsko Pomorskie, ul. Obroñców Westerplatte 13;Budowa hali sportowej;952 600,00 z³
447;zachodniopomorskie;koszaliñski;Inny;Zarz¹d Obiektów Sportowych Spó³ka z o.o.;Koszalin, ul. G³owackiego 3-5;Remont krytej p³ywalni;26 400,00 z³
448;wielkopolskie;gnieŸnieñski;Miasto;Gniezno;Gniezno, ul. Zab³ockiego;Remont boiska do hokeja na trawie;800 000,00 z³
449;zachodniopomorskie;m. Szczecin;Gmina Miasto;Szczecin;Szczecin, ul. Ma³opolska;Budowa hali specjalistycznej;2 548 500,00 z³
450;³ódzkie;tomaszowski;Gmina Miasto;Tomaszów Mazowiecki;Tomaszów Mazowiecki, ul. Strzelecka 24;Modernizacja maszynowni toru ³y¿wiarskiego;1 880 900,00 z³
451;podlaskie;m. Suwa³ki;Miasto;Suwa³ki;Suwa³ki, ul. Wojska Polskiego 17;Rozbudowa i przebudowa stadionu lekkoatletycznego Oœrodka Sportu i Rekreacji;3 800 000,00 z³
452;mazowieckie;m. st. Warszawa;AWF;Warszawa;Warszawa, ul. Marymoncka 34;Przebudowa stadionu lekkoatletycznego AWF Warszawa;4 443 000,00 z³
453;pomorskie;m. Sopot;Gmina Miasta;Sopotu;Sopot, ul. Jana z Kolna 18;Modernizacja stadionu rugby;2 400 000,00 z³
454;wielkopolskie;m. Poznañ;Szko³a/Uczelnia;Politechnika Poznañska;Poznañ, ul. Przystañ;Budowa hali sportowej na terenie kampusu Politechniki Poznañskiej;8 000 000,00 z³
455;³ódzkie;be³chatowski;Powiat;Be³chatowski;Be³chatów, ul. Czapliniecka 96;Przebudowa  stadionu lekkoatletycznego przy Powiatowym Centrum Sportu w Be³chatowie;3 200 000,00 z³
456;wielkopolskie;pilski;Gmina;Pi³a ;Pi³a, ul. ¯eromskiego 90;Remont i przebudowa stadionu lekkoatletycznego w Pile - I etap - wymiana nawierzchni syntetycznej;1 200 000,00 z³
457;pomorskie;M. Gdañsk;Klub sportowy;Gdañski Klub Sportowy Stoczniowiec;Gdañsk, al. Grunwaldzka 470;Modernizacja i przebudowa hali sportowo-widowiskowej Olivia w Gdañsku wraz z infrastruktur¹ techniczn¹ - II etap;8 500 000,00 z³
458;mazowieckie;m. st. Warszawa;COS;COS Warszawa;Warszawa, ul. £azienkowska 6a;Przebudowa i remont  hali Torwar II - I etap;3 600 000,00 z³
459;œl¹skie;m. Chorzów;Inny;Stadion Œl¹ski Sp. z o.o.;Chorzów, ul. Katowicka 10;Przebudowa  zaplecza rozgrzewkowo-treningowego na przedpolu wschodnim Stadionu Œl¹skiego w ramach zadania zadaszenie widowni oraz niezbêdna infrastruktura techniczna Stadionu Œl¹skiego w Chorzowie;3 000 000,00 z³
460;wielkopolskie;nowotomyski;Powiat;Nowotomyski;Nowy Tomyœl, os. Pó³noc 39;Budowa hal sportowych w ramach M³odzie¿owego Centrum PODNOSZENIA Ciê¿arów w Nowym Tomyœlu;2 600 000,00 z³
461;wielkopolskie;nakielski;Gmina;Mrocza;Mrocza, 30-lecia LWP 4;Budowa hali sportowej do podnoszenia ciê¿arów i hali sportowej;5 000 000,00 z³
462;œl¹skie;bielski;COS;COS OPO w Szczyrku;Szczyrk, ul Pla¿owa 8;Instalacja instalacja mro¿enia rozbiegu skoczni K-40 na terenie COS OPO w Szczyrku;200 000,00 z³
463;ma³opolskie;tatrzañski;COS;COS OPO w Zakopanem;Zakopane, ul. Bronis³awa Czecha 1;Budowa hali sportowej wielofunkcyjnej w COS OPO w Zakopanem;22 766 500,00 z³
464;ma³opolskie;oœwiêcimski;Miasto;Oœwiêcim;Oœwiêcim, Chemików 2;Przebudowa i rozbudowa krytej p³ywalni w Oœwiêcimiu;22 325 300,00 z³
465;³ódzkie;tomaszowski;COS;COS OPO w Spale;Spa³a, al.. Moœcickiego 6;Przebudowa  stadionu treningowego - budowa sektora do rzutów d³ugich, boiska do pi³ki no¿nej i zaplecza magazynowego w COS OPO w Spale ;4 000 000,00 z³
466;ma³opolskie;m. Kraków;Gmina Miejska;Kraków;Kraków, ul. Podchor¹¿ych 3;Remont i przebudowa obiektów i urz¹dzeñ sportowych WKS Wawel;4 000 000,00 z³
467;dolnoœl¹skie;wroc³awski;Gmina;Wroc³aw;Wroc³aw;Budowa krytej p³ywalni - basenu olimpijskiego oraz niecki rozgrzewkowej;23 000 000,00 z³
468;lubelskie;pu³awski;Miasto;Pu³awy;Al.. Partyzantów 11;Przebudowa  kortów tenisowych-budowa hali tenisowej;1 500 000,00 z³
469;œl¹skie;m. Zabrze;Miasto;Zabrze;ul. Olimpijska;Budowa hali tenisowej wraz z infrastruktur¹ towarzysz¹c¹;1 500 000,00 z³
470;kujawsko-pomorskie;m. Bydgoszcz;Miasto;Bydgoszcz;Gdañska 163;Budowa hali tenisowej;1 415 300,00 z³
471;podkarpackie;rzeszowski;Gmina Miasto;Rzeszów;ul. Ks. Ja³owego 23a;Budowa zadaszenia dwóch kortów tenisowych i zaplecza;599 900,00 z³
