Lp;Województwo;Powiat;Wnioskodawca;Nazwa Wnioskodawcy;Lokalizacja zadania: adres;Nazwa zadania;Dofinansowanie ogółem zł
1;dolnośląskie;bolesławiecki;Gmina;Bolesławiec;Kraszowice;Budowa boiska wielofunkcyjnego;80 000,00
2;dolnośląskie;bolesławiecki;Gmina;Bolesławiec;Mierzwin;Budowa boiska wielofunkcyjnego;80 000,00
3;dolnośląskie;bolesławiecki;Gmina;Nowogrodziec;Gierałtów, Gierałtów 47;Budowa sali gimnastycznej;660 000,00
4;dolnośląskie;bolesławiecki;Gmina Miejska;Bolesławiec;Bolesławiec, oś. Przylesie;Budowa boiska piłkarskiego i boiska wielofunkcyjnego wraz z siłownią zewnętrzną;470 000,00
5;dolnośląskie;bolesławiecki;Powiat;Bolesławiecki;Bolesławiec, al. Tysiąclecia 51;Przebudowa boiska wielofunkcyjnego;90 000,00
6;dolnośląskie;bolesławiecki;Powiat;Bolesławiecki;Bolesławiec, ul. Komuny Paryskiej 6;Modernizacja boiska piłkarskiego i boiska wielofunkcyjnego, bieżni lekkoaletycznej i terenowych urządzeń sportowych;1 000 000,00
7;dolnośląskie;dzierżoniowski;Gmina Miejska;Dzierżoniów;Dzierżoniów, ul. Sikorskiego;Budowa siłowni zewnętrznej i dwóch placów zabaw;384 300,00
8;dolnośląskie;dzierżoniowski;Powiat;Dzierżoniowski;Bielawa, ul. Szkolna 5;Budowa boiska wielofunkcyjnego, siłowni zewętrznej i urządzeń lekkoatletycznych;229 700,00
9;dolnośląskie;głogowski;Gmina Miejska;Glogów;Głogów, ul. Gwiaździsta 2;Budowa kompleksu boisk, bieżni okrężnej 200 m i urządzeń lekkoatletycznych;837 600,00
10;dolnośląskie;głogowski;Powiat;Głogowski;Głogów, ul. Perseusza 5;Przebudowa boiska wielofunkcyjnego;445 200,00
11;dolnośląskie;jeleniogórski;Miasto;Szklarska Poręba;Szklarska Poręba, ul. Okrzei;Budowa skateparku i siłowni zewnętrznej;190 000,00
12;dolnośląskie;kamiennogórski;Gmina;Lubawka;Lubawka, ul. Przyjaciół Żołnierza 6a;Modernizacja boiska piłkarskiego i kompleksu lekkoatletycznego z bieżnią okrężną 400 m;767 300,00
13;dolnośląskie;kłodzki;Gmina;Polanica-Zdrój;Polanica-Zdrój, ul. Tadeusza Kościuszki 13;Przebudowa boiska wielofunkcyjnego;92 300,00
14;dolnośląskie;kłodzki;Gmina;Kłodzko;Krosnowice, działki 985/1, 985/9, 985/2;Budowa boiska wielofunkcyjnego wraz z urządzeniami lekkoatletycznymi;390 000,00
15;dolnośląskie;kłodzki;Gmina;Nowa Ruda;Ludwikowice Kłodzkie, ul. Wiejska 1;Budowa boiska wielofunkcyjnego;187 800,00
16;dolnośląskie;kłodzki;Gmina Miejska;Duszniki-Zdrój;Duszniki-Zdrój, al. Sybiraków;Budowa toru wrotkarskiego;615 000,00
17;dolnośląskie;kłodzki;Gmina Miejska;Duszniki-Zdrój;Duszniki-Zdrój, ul. Olimpijska;Modernizacja obiektu biathlonu zimowego i letniego;3 500 000,00
18;dolnośląskie;lubański;Gmina;Lubań;Pisarzowice, dz. nr 863, 862, 861, 868/1;Budowa kompleksu lekkoatletycznego i boiska wielofunkcyjnego;400 000,00
19;dolnośląskie;lubański;Gmina;Olszyna;Olszyna, działki 683, 738/1, 710/31, 710/33, 734, 684/2, 684/1, 740;Budowa boiska wielofunkcyjnego oraz budynku zaplecza;300 000,00
20;dolnośląskie;lubański;Gmina;Leśna;Leśna, Osiedle;Budowa bieżni okrężnej 4-torowej 200 m, bieżni prostej 6-torowej 100 m, skoczni do skoku w dal, rzutni do pchnięcia kulą i boiska wielofunkcyjnego wraz z budynkiem zaplecza;310 000,00
21;dolnośląskie;lubiński;Gmina;Ścinawa;Ścinawa, ul. Sportowa;Modernizacja boiska piłkarskiego i budowa urządzeń lekkoatletycznych;350 900,00
22;dolnośląskie;lubiński;Miasto i Gmina;Ścinawa;Ścinawa, ul. Sportowa;Modernizacja boiska piłkarskiego, boiska wielofunkcyjnego i siłowni zewnętrznej;882 600,00
23;dolnośląskie;lwówecki;Miasto i Gmina;Wleń;Wleń, ul. Dworcowa 10;Przebudowa bieżni prostej;50 000,00
24;dolnośląskie;lwówecki;Powiat;Lwówecki;Gryfów Śląski, ul. Wojska Polskiego 20;Przebudowa boiska wielofunkcyjnego;79 100,00
25;dolnośląskie;lwówecki;Gmina i Miasto;Lwówek Śląski;Zbylutów;Budowa boiska wielofunkcyjnego;100 000,00
26;dolnośląskie;m. Jelenia Góra;Miasto;Jelenia Góra;Jelenia Góra, ul. Obrońców Pokoju 10;Budowa boiska wielofunkcyjnego;125 000,00
27;dolnośląskie;m. Legnica;Gmina;Legnica;Legnica, al. J. Piłsudskiego 3;Budowa boiska wielofunkcyjnego, boiska do piłki siatkowej oraz bieżni okrężnej i bieżni prostej;217 100,00
28;dolnośląskie;m. Wałbrzych;Gmina;Wałbrzych;Wałbrzych, ul. Wysockiego 11a;Modernizacja hali sportowej;690 000,00
29;dolnośląskie;m. Wrocław;Szkoła/Uczelnia;Politechnika Wrocławska;Wrocław, ul. Chełmońskiego 12;Budowa hali sportowo-widowiskowej;2 000 000,00
30;dolnośląskie;m. Wrocław;Gmina;Wrocław;Wrocław, ul. Na Niskich Łąkach;Budowa dwóch boisk piłkarskich;1 118 700,00
31;dolnośląskie;m. Wrocław;Gmina;Wrocław;Wrocław, ul. Kamieńskiego 20;Budowa boiska wielofunkcyjnego i skoczni do skoku w dal;140 100,00
32;dolnośląskie;m. Wrocław;Gmina;Wrocław;Wrocław, ul. Brucknera 10;Rozbudowa i przebudowa budynku krytej pływalni;1 300 000,00
33;dolnośląskie;m. Wrocław;Gmina;Wrocław;Wrocław, ul. Graniczna, Żernicka i Buczka;Budowa torów do sportów wrotkarskich z zapleczem;1 500 000,00
34;dolnośląskie;milicki;Gmina;Krośnice;Krośnice, ul. Parkowa 14;Budowa krytej pływalni;930 500,00
35;dolnośląskie;milicki;Gmina;Milicz;Milicz, ul. Powstańców Wielkopolskich 5;Budowa boiska piłkarskiego;170 000,00
36;dolnośląskie;milicki;Gmina;Milicz;Milicz, ul. Powstańców Wielkopolskich 5;Budowa kompleksu lekkoatletycznego;350 000,00
37;dolnośląskie;oleśnicki;Miasto i Gmina;Bierutów;Bierutów, ul. Krasińskiego 3;Budowa kompleksu lekkoatletycznego;350 000,00
38;dolnośląskie;oławski;Gmina Miasto;Oława;Oława, ul. Lwowska 3;Budowa boiska wielofunkcyjnego, bieżni lekkoatletycznej prostej, skoczni do skoku w dal, rzutni do pchnięcia kulą;180 000,00
39;dolnośląskie;oławski;Gmina Miasto;Oława;Oława, ul. Żołnierzy AK 21;Budowa boiska wielofunkcyjnego oraz budowa placu zabaw;103 000,00
40;dolnośląskie;oławski;Powiat;Oławski;Oława, ul. Iwaszkiewicza;Budowa sali gimnastycznej;1 000 000,00
41;dolnośląskie;polkowicki;Powiat;Polkowicki;Chocianów, ul. Kolonialna;Budowa boiska wielofunkcyjnego i bieżni lekkoatletycznej;370 000,00
42;dolnośląskie;strzeliński;Gmina;Strzelin;Strzelin, ul. Staromiejska 64;Remont podłogi sali gimnastycznej;108 100,00
43;dolnośląskie;świdnicki;Gmina;Świdnica;Bystrzyca Górna 64;Budowa sali gimnastycznej;846 600,00
44;dolnośląskie;świdnicki;Powiat;Świdnicki;Świdnica, ul. Kościelna 32;Przebudowa boiska wielofunkcyjnego;118 870,00
45;dolnośląskie;świdnicki;Gmina Miasto;Świdnica;Świdnica, ul. Wałbrzyska 39;Przebudowa boiska wielofunkcyjnego wraz z urządzeniami lekkoatletycznymi;250 700,00
46;dolnośląskie;świdnicki;Inny;"LKS ""Stragona"" Strzegom";Morawa k/ Strzegomia;Modernizacja przeszkody wodnej wchodzącej w skład trasy crossu Hipodromu;195 000,00
47;dolnośląskie;trzebnicki;Powiat;Trzebnicki;Żmigród, ul. Rybacka 17;Budowa boiska wielofunkcyjnego oraz siłowni zewnętrznej;100 000,00
48;dolnośląskie;trzebnicki;Gmina;Oborniki Śląskie;Oborniki Śląskie ulice: Wrocławska 6, Kownackiego 3, Sikorskiego 3, Zielona;Budowa Street Workout Parku przy ul. Wrocławskiej 6/10, modernizacja Skate Parku przy ul. Zielonej oraz wykonanie placów zabaw przy Przedszkolu Miejskim przy ul. Sikorskiego oraz przy Gimnazjum przy ul. Kownackiego 3;80 600,00
49;dolnośląskie;trzebnicki;Gmina;Prusice;Strupina;Budowa boiska wielofunkcyjnego;150 000,00
50;dolnośląskie;wałbrzyski;Gmina;Jedlina-Zdrój;Jedlina-Zdrój, ul. Kłodzka;Przebudowa boiska treningowego;124 200,00
51;dolnośląskie;wałbrzyski;Inny;"Fundacja ""Szkoła Gminna Menadżersko-Księgowa""";Wałbrzych, ul. Armii Krajowej 35A;Modernizacja boiska wielofunkcyjnego;50 000,00
52;dolnośląskie;wałbrzyski;Gmina;Wałbrzych;Wałbrzych, ul. Chopina 1;Modernizacja stadionu lekkoatletycznego z budową boisk: piłkarskiego, wielofunkcyjnego oraz kortu tenisowego;11 000 000,00
53;dolnośląskie;wołowski;Gmina;Wołów;Wołów, ul. Ścinawska dz. Nr 7 AM-27;Budowa boiska wielofunkcyjnego, siłowni zewnętrznej, skateparku, placu zabaw wraz z budynkiem zaplecza;170 000,00
54;dolnośląskie;wrocławski;Gmina;Czernica;Ratowice, ul. Wrocławska 36;Budowa boiska wielofunkcyjnego;100 000,00
55;dolnośląskie;wrocławski;Gmina;Długołęka;Szczodre, ul. Trzebnicka 42;Budowa boiska wielofunkcyjnego;130 000,00
56;dolnośląskie;wrocławski;Gmina;Żórawina;Żórawina, ul. M. Kopernika 14;Budowa sali gimnastycznej;2 000 000,00
57;dolnośląskie;wrocławski;Gmina;Żórawina;Żórawina, ul. Wrocławska;Budowa zaplecza sanitarno-szatniowego boiska piłkarskiego;838 900,00
58;dolnośląskie;wrocławski;Gmina;Długołęka;Łozina, ul. Milicka 10;Budowa kompleksu lekkoatletycznego;175 000,00
59;dolnośląskie;wrocławski;Gmina;Żórawina;Żórawina;Budowa kompleksu lekkoatletycznego;350 000,00
60;dolnośląskie;ząbkowicki;Gmina;Ząbkowice Śląskie;Ząbkowice Śląskie, ul. Kusocińskiego 17;Budowa krytej pływalni;3 300 000,00
61;dolnośląskie;zgorzelecki;Gmina Miejska;Zgorzelec;Zgorzelec, ul. Poniatowskiego i ul. Szymanowskiego;Modernizacja boiska wielofunkcyjnego;134 100,00
62;dolnośląskie;zgorzelecki;Gmina;Zgorzelec;Trójca;Budowa sali gimnastycznej;2 000 000,00
63;dolnośląskie;złotoryjski;Gmina Miejska;Złotoryja;Złotoryja, ul. Sportowa 7;Modernizacja kompleksu lekkoatletycznego;1 300 000,00
64;kujawsko-pomorskie;bydgoski;Gmina;Osielsko;Osielsko, ul. Centeralna 7;Budowa boiska wielofunkcyjnego wraz z urzadzeniami lekkoatletycznymi;170 100,00
65;kujawsko-pomorskie;bydgoski;Gmina;Koronowo;Mąkowarsko, ul. Tucholska 8;Budowa sali gimnastycznej z zapleczem sanitarno-szatniowym;723 000,00
66;kujawsko-pomorskie;chełmiński;Gmina Miasto;Chełmno;Chełmno, ul. Nadrzeczna;Budowa kompleksu lekkoatletycznego;1 101 800,00
67;kujawsko-pomorskie;grudziądzki;Gmina;Grudziądz;Sztynwag;Budowa sali gimnastycznej;1 072 000,00
68;kujawsko-pomorskie;inowrocławski;Gmina Miasto;Inowrocław;Inowrocław, ul. Krzymińskiego 4;Przebudowa boiska wielofunkcyjnego i bieżni lekkoatletycznej;308 000,00
69;kujawsko-pomorskie;m. Bydgoszcz;Miasto;Bydgoszcz;Bydgoszcz, ul. Słoneczna 19;Budowa boiska wielofunkcyjnego i boiska piłkarskiego;236 000,00
70;kujawsko-pomorskie;m. Toruń;Gmina Miasta;Toruń;Toruń, ul. Popiełuszki 1-3;Budowa budynku przystani sportów wodnych - bazy treningowej;5 000 000,00
71;kujawsko-pomorskie;m. Włocławek;Gmina Miasto;Włocławek;Włocławek, ul. Szkolna 13;Budowa hali sportowej;1 350 000,00
72;kujawsko-pomorskie;m. Włocławek;Gmina Miasto;Włocławek;Włocławek, pl. Staszica;Budowa boiska wielofunkcyjnego i urządzeń lekkoatletycznych;148 200,00
73;kujawsko-pomorskie;mogileński;Gmina;Mogilno;Mogilno, ul. Józefga Trzcińskiego 2;Remont krytej pływalni;920 700,00
74;kujawsko-pomorskie;świecki;Gmina;Świecie;Świecie, Bydgoska 1;Budowa krytej pływalni;4 000 000,00
75;kujawsko-pomorskie;tucholski;Gmina;Tuchola;Tuchola, ulice: Pocztowa i Sienkiewicza;Przebudowa bieżni lekkoatletycznej przy SP nr 3 oraz boiska wielofunkcyjnego na Osiedlu Leśnym;100 000,00
76;kujawsko-pomorskie;żniński;Gmina;Gąsawa;Gąsawa, ul. Sportowa 1;Budowa kompleksu lekkoatletycznego;296 800,00
77;lubelskie;bialski;Gmina;Zalesie;Dobryń Duży;Budowa zespołu boisk (piłkarskie, wielofunkcyjne, do piłki siatkowe) i urządzeń lekkoatletycznych;100 000,00
78;lubelskie;bialski;Miasto;Międzyrzec Podlaski;Międzyrzec Podlaski, ul. Pszenna 3;Przebudowa i rozbudowa  budynku zaplecza stadionu;646 100,00
79;lubelskie;bialski;Gmina;Piszczac;Piszczac, ul. Cmentarna 15;Przebudowa boiska piłkarskiego i budynku zaplecza socjalno-sanitarnego;352 600,00
80;lubelskie;biłgorajski;Powiat;Biłgorajski;Biłgoraj, ul. Kościuszki 98;Przebudowa kompleksu sportowego;450 000,00
81;lubelskie;biłgorajski;Gmina;Księżpol;Majdan Stary działka nr 1288;Budowa boiska piłkarskiego;81 100,00
82;lubelskie;biłgorajski;Gmina;Tarnogród;Tarnogród, ul. 1 Maja 7;Remont sali gimnastycznej;109 700,00
83;lubelskie;hrubieszowski;Gmina Miejska;Hrubieszów;Hrubieszów, ul. Żeromskiego 29;Budowa boiska piłkarskiego, boiska wielofunkcyjnego, bieżni prostej, skateparku i ścianki wspinaczkowej;500 000,00
84;lubelskie;krasnostawski;Gmina;Krasnystaw;Siennica Nadolna;Budowa boisk sportowych z budynkiem zaplecza i trybunami;300 000,00
85;lubelskie;krasnostawski;Gmina;Siennica Różana;Siennica Różana;Budowa całorocznego lodowiska syntetycznego o wymiarach 20x10 m;99 000,00
86;lubelskie;kraśnicki;Powiat;Kraśnicki;Kraśnik, ul. Armii Krajowej 25;Budowa boiska wielofunkcyjnego;94 500,00
87;lubelskie;kraśnicki;Gmina;Wilkołaz;Wilkołaz Pierwszy;Budowa hali sportowej;2 000 000,00
88;lubelskie;lubartowski;Gmina;Jeziorzany;Przytoczno, Przytoczna 25;Budowa sali gimnastycznej;2 000 000,00
89;lubelskie;lubartowski;Miasto;Lubartów;Lubartów, ul. Parkowa;Budowa boiska piłkarskiego;900 000,00
90;lubelskie;lubelski;Gmina;Zakrzew;Zakrzew, Zakrzew 26;Budowa sali gimnastycznej;2 000 000,00
91;lubelskie;lubelski;Gmina;Niemce;Niemce, ul. Różana;Budowa skateparku;100 000,00
92;lubelskie;łęczyński;Gmina;Łęczna;Łęczna, ul. Szkolna 3;Przebudowa kompleksu sportowego (boisko piłkarskie, boisko wielofunkcyjne, bieżnia okrężna 3 torowa o długości 240 m, boisko do piłki plazowej, siłownia plenerowa;350 000,00
93;lubelskie;łęczyński;Gmina;Spiczyn;Spiczyn;Remont sali gimnastycznej oraz przebudowa boiska wielofunkcyjnegoi bieżni;134 000,00
94;lubelskie;łęczyński;Powiat;Łęczyński;Kijany, Kijany 19;Modernizacja sali gimnastycznej z zapleczem socjalnym;141 700,00
95;lubelskie;łęczyński;Powiat;Łęczyński;Łęczyca, ul. Bogdanowicza 9;Modernizacja sal gimnastycznych z zapleczem;181 300,00
96;lubelskie;łukowski;Miasto;Łuków;Łuków, ul. Piłsudskiego 17;Budowa kompleksu lekkoatletycznego;328 600,00
97;lubelskie;m. Lublin;Inny;"Spółdzielnia Mieszkaniowa ""CZECHÓW""";Lublin, ul. Koncertowa 7a i Kaprysowa 5;Modernizacja dwóch boisk (piłkarskiego i do koszykówki);200 000,00
98;lubelskie;m. Lublin;Gmina;Lublin;Lublin, ul. Wajdeloty 12;Budowa hali sportowej;1 500 000,00
99;lubelskie;m. Lublin;Gmina;Lublin;Lublin, ul. Krężnicka 156;Przebudowa boiska wielofunkcyjnego;150 000,00
100;lubelskie;m. Lublin;Gmina;Lublin;Lublin, ul. Krężnicka 156;Przebudowa boiska wielofunkcyjnego;70 000,00
101;lubelskie;m. Lublin;Gmina;Lublin;Lublin, ul. Adama Mickiewicza 24;Przebudowa kompleksu sportowego (boisko piłkarskie, boisko wielofunkcyjne, 4 torowa bieżnia prosta, skocznia w dal);350 000,00
102;lubelskie;m. Lublin;Gmina;Lublin;Lublin, ul. Adama Mickiewicza 24;Przebudowa boiska sportowego;146 200,00
103;lubelskie;m. Lublin;Szkoła/Uczelnia;Politechnika Lubelska;Lublin, ul. Nadbystrzycka 38b;Przebudowa, nadbudowa i remont hali sportowej;1 000 000,00
104;lubelskie;m. Lublin;Gmina;Lublin;Lublin, al. Zygmuntowskich 4;Budowa zespołu krytych pływalni;1 500 000,00
105;lubelskie;m. Lublin;Gmina;Lublin;Lublin, al. Józefa Piłsudskiego 22;Przebudowa i rozbudowa  stadionu lekkoatletycznego wraz z zapleczem;10 000 000,00
106;lubelskie;m. Zamość;Miasto;Zamość;Zamość, ul. Lwowska 15;Budowa boiska piłkarskiego;200 000,00
107;lubelskie;m. Zamość;Miasto;Zamość;Zamość, ul. Sienkiewicza 5;Budowa boiska wielofunkcyjnego;150 000,00
108;lubelskie;m. Zamość;Miasto;Zamość;Zamość, ul. Zamoyskiego 62A;Remont krytej pływalni - I etap;650 000,00
109;lubelskie;m. Zamość;Miasto;Zamość;Zamość, ul. Królowej Jadwigi 8;Budowa hali tenisowej trzykortowej z zapleczem szatniowo-sanitarnym;800 000,00
110;lubelskie;puławski;Powiat;Puławski;Puławy, ul. Wojska Polskiego 7;Budowa hali sportowej;400 000,00
111;lubelskie;puławski;Gmina;Puławy;Góra Puławska, ul. Ogrodowa 18;Budowa sali gimnastycznej;2 000 000,00
112;lubelskie;rycki;Powiat;Rycki;Ryki, ul. Słowackiego 12;Budowa boiska wielofunkcyjnego;100 000,00
113;lubelskie;rycki;Powiat;Rycki;Ryki, ul. Słowackiego 12;Budowa boiska wielofunkcyjnego;50 000,00
114;lubelskie;rycki;Miasto;Dęblin;Dęblin, ul. Tysiąclecia 25;Budowa boisk: piłkarskiego i wielofunkcyjnego i bieżni prostej;200 000,00
115;lubelskie;świdnicki;Gmina Miejska;Świdnik;Świdnik, ul. Kruczkowskiego;Modernizacja placu zabaw;49 900,00
116;lubelskie;świdnicki;Gmina Miejska;Świdnik;Świdnik, ul. Jarzębinowa 6;Budowa kompleksu lekkoatletycznego;432 500,00
117;lubelskie;tomaszowski;Gmina;Lubycza Królewska;Lubycza Królewska, ul. Parkowa;Przebudowa i rozbudowa terenowych urządzeń sportowych (w tym 2 boiska piłkarskie, boisko wielofunkcyjne, skatepark, tor rolkowy;350 000,00
118;lubelskie;tomaszowski;Miasto;Tomaszów Lubelski;Tomaszów Lubelski, Aleja Sportowa 8;Budowa toru wrotkarskiego;701 600,00
119;lubuskie;m. Gorzów Wielkopolski;Miasto;Gorzów Wielkopolski;Gorzów Wielkopolski, ul. Nowa 7;Budowa boiska wielofunkcyjnego;103 200,00
120;lubuskie;m. Gorzów Wielkopolski;Miasto;Gorzów Wielkopolski;Gorzów Wielkopolski, al. Konstytucji 3 Maja 44;Budowa boiska wielofunkcyjnego i boiska do koszykówki;96 100,00
121;lubuskie;m. Gorzów Wielkopolski;Miasto;Gorzów Wielkopolski;Gorzów Wielkopolski, ul. Towarowa 21;Budowa boiska wielofunkcyjnego;114 000,00
122;lubuskie;m. Gorzów Wielkopolski;Inny;"Centrum Sportowo-Rehabilitacyjne ""SŁOWIANKA"" Sp. z o.o.";Gorzów Wielkopolski, ul. Słowiańska 14;Remont zaplecza szatniowo-prysznicowego kompleksu basenowego;216 500,00
123;lubuskie;m. Zielona Góra;Miasto;Zielona Góra;Zielona Góra, ul. Sulechowska;Budowa Hali Tenisowej wraz z zagospodarowaniem terenu;2 000 000,00
124;lubuskie;międzyrzecki;Gmina;Skwierzyna;Skwierzyna, ul. Batorego 14;Remont sali gimnastycznej;278 500,00
125;lubuskie;nowosolski;Gmina;Nowa Sól;Przyborów, ul. Szkolna 16;Budowa boiska wielofunkcyjnego;101 900,00
126;lubuskie;nowosolski;Gmina;Nowa Sól;Nowa Sól, ul. Gimnazjalna 11;Budowa boiska piłkarskiego, wielofunkcyjnego, biezni okrężnej 150 m, skoczni do skoku w dal oraz przebudowa zaplecza sanitarno-szatniowego;535 100,00
127;lubuskie;nowosolski;Powiat;Nowosolski;Nowa Sól, ul. Gimnazjalna 9;Budowa kompleksu lekkoatletycznego;900 000,00
128;lubuskie;strzelecko-drezdenecki;Powiat;Strzelecko-Drezdenecki;Drezdenko, ul. M. Konopnickiej 2;Budowa boiska wielofunkcyjnego;99 700,00
129;lubuskie;sulęciński;Gmina;Słońsk;Słońsk, ul. 3-go Lutego działka o nr ew. 741/23;Budowa kortu tenisowego i boiska do koszykówki;150 200,00
130;lubuskie;sulęciński;Gmina;Sulęcin;Sulęcin, ul. Moniuszki;Remont kompleksu lekkoatletycznego;1 049 600,00
131;lubuskie;świebodziński;Gmina;Świebodzin;Świebodzin, ul. Sulechowska 6;"Remont Basenu Miejskiego ""Świewoda""";200 400,00
132;lubuskie;świebodziński;Gmina;Świebodzin;Świebodzin;Budowa kompleksu lekkoatletycznego;127 100,00
133;lubuskie;wschowski;Gmina;Sława;Stare Strącze, Stare Strącze 195;Budowa boiska wielofunkcyjnego z zadaszeniem namiotowym;255 700,00
134;lubuskie;zielonogórski;Gmina;Nowogród Bobrzański;Niwiska, ul. Akacjowa 1;Budowa sali gimnastycznej;1 248 700,00
135;lubuskie;zielonogórski;Gmina;Kargowa;Kargowa, działki nr 521, 526, 528, 750;Budowa sali gimnastycznej;1 671 000,00
136;lubuskie;zielonogórski;Gmina;Kargowa;Kargowa, ul. Marchlewskiego działki nr 355, 1390;Remont bieżni i boiska piłkarskiego;125 000,00
137;lubuskie;żagański;Gmina;Żagań;Żagań, ul. Wojska Polskiego 7;Budowa boiska wielofunkcyjnego, bieżni prostej i skoczni do skoku w dal;149 200,00
138;lubuskie;żarski;Gmina;Jasień;Jasień, ul. Podmokła 1;Remont sali gimnastycznej;61 400,00
139;lubuskie;żarski;Gmina;Brody;Brody, ul. Kilińskiego 11;Remont sali gimnastycznej wraz z zapleczem;137 600,00
140;łódzkie;bełchatowski;Gmina;Kluki;Kluki, ul. Szkolna 4;Budowa sali gimnastycznej;350 000,00
141;łódzkie;bełchatowski;Gmina;Bełchatów;Kałduny, Zawadów;Budowa zaplecza sportowego przy boisku w Kałdunach oraz zaplecza sportowego przy boisku w Zawadowie;119 000,00
142;łódzkie;bełchatowski;Gmina;Bełchatów;Janów;Budowa boiska wielofunkcyjnego i skoczni do skoku w dal;79 100,00
143;łódzkie;brzeziński;Gmina;Brzeziny;Dąbrówka Duża;Budowa sali gimnastycznej;600 000,00
144;łódzkie;kutnowski;Miasto;Kutno;Kutno, ul. Władysława Jagiełły 6;Modernizacja sali gimnastycznej;96 300,00
145;łódzkie;kutnowski;Miasto;Kutno;Kutno, ul. Zamoyskiego 1;Przebudowa i remont sali gimnastyczej z zapleczem szatniowo-sanitarnym;352 600,00
146;łódzkie;łaski;Gmina;Łask;Łask, ul. Armii Krajowej 5a;Przebudowa kompleksu boisk Centrum Sportu i Rekreacji poprzez rozbudowę zaplecza sanitarno szatniowego;450 000,00
147;łódzkie;łaski;Powiat;Łaski;Łask, ul. Mickiewicza 6;Remont boiska wielofunkcyjnego;130 400,00
148;łódzkie;łaski;Gmina;Buczek;Czestków B, 10C;Budowa sali gimnastycznej;710 400,00
149;łódzkie;łowicki;Miasto;Łowicz;Łowicz, ul. Jana Pawła II 3;Remont zaplecza sanitarno-szatniowego w hali;160 800,00
150;łódzkie;m. Łódź;Klub sportowy;"Klub Sportowy ""SPOŁEM""";Łódź, ul. Północna 36;Remont hali sportowej;44 598,00
151;łódzkie;m. Łódź;Miasto;Łódź;Łódź, ul. Malczewskiego 37/47;Remont basenu;867 200,00
152;łódzkie;m. Łódź;Szkoła/Uczelnia;Politechnika Łódzka;Łódź, Aleja Politechniki 10;Budowa krytej pływalni o wymiarach olimpijskich z wieżą do skoków i zapleczem;9 600 000,00
153;łódzkie;m. Piotrków Trybunalski;Miasto;Piotrków Trybunakski;Piotrków Trybunalski, ul. Belzacka/al.. Gen. Sikorskiego;Budowa linowego placu zabaw, siłowni zewnętrznej, ścianki wspinaczkowej i górki saneczkowej;650 000,00
154;łódzkie;m. Skierniewice;Miasto;Skierniewice;Skierniewice, ul. Trakcyjna 1;Budowa boiska do gry w hokeja na trawie oraz zaplecza sanitarno-szatniowego;1 070 000,00
155;łódzkie;m. Skierniewice;Miasto;Skierniewice;Skierniewice, ulice: Podkładowa 2, gen. Wł. Sikorskiego 34, Konwaliowa, Floriana 2;Budowa czterech siłowni zewnętrznych;128 500,00
156;łódzkie;m. Tomaszów Mazowiecki;COS;COS OPO w Spale;Spała, al.. Mościckiego 6;Zakup środków trwałych do utrzymania obiektów l.a. w COS-OPO Spała: urządzeń do czyszczenia powierzchni sportowych l.a. i boiska, wykładziny zabezpieczającej sektor do pchnięcia kulą;227 700,00
157;łódzkie;opoczyński;Gmina;Sławno;Kozen, Kamień, Celestynów, Szadkowice i Owadów;Budowa boisk wielofunkcyjnych;190 000,00
158;łódzkie;pabianicki;Gmina;Lutomiersk;Wrząca, ul. Piłsudskiego 1;Budowa sali gimnastycznej;1 300 000,00
159;łódzkie;pabianicki;Miasto;Pabianice;Pabianice, ul. Mokra 28/34 oraz ul. Jana Pawła II 16;Remont sal gimnastycznych;111 800,00
160;łódzkie;pajęczański;Gmina i Miasto;Pajęczno;Pajęczno, ul. 22-go Lipca;Budowa budynku zaplecza;269 100,00
161;łódzkie;poddębicki;Gmina;Uniejów;Wilamów, Wilamów 50;Budowa boiska wielofunkcyjnego;70 800,00
162;łódzkie;radomszczański;Powiat;Radomszczański;Radomsko, ul. Narutowicza, ul. Szkolna;Budowa Powiatowej Hali Sportowej;500 000,00
163;łódzkie;radomszczański;Miasto;Radomsko;Radomsko, ul. Rolna 65;Budowa bieżni do biegów krótkich wraz ze skocznią w dal oraz skocznią do skoku wzwyż;71 100,00
164;łódzkie;radomszczański;Miasto;Radomsko;Radomsko, ul. Jadwigi Królowej 20;Remont hali sportowej;154 900,00
165;łódzkie;rawski;Gmina;Rawa Mazowiecka;Nowy Kurzeszyn, Nowy Kurzeszyn 12;Budowa boiska wielofunkcyjnego, biezni prostej i skoczni do skoku w dal;143 500,00
166;łódzkie;skierniewicki;Gmina;Głuchów;Głuchów, ul. Sportowa 1;Remont boiska do tenisa ziemnego;55 000,00
167;łódzkie;skierniewicki;Gmina;Godzianów;Godzianów, działki 637/3, 639/4, 636/2, 634/2, 632/2, 1211;Budowa bieżni okrężnej;200 000,00
168;łódzkie;tomaszowski;Powiat;Tomaszowski;Tomaszów Mazowiecki, ul. Świętego Antoniego 29;Modernizacja sali gimnastycznej;355 800,00
169;łódzkie;wieluński;Gmina;Wieluń;Wieluń, ul. Wojska Polskiego;Przebudowa boiska piłkarskiego wraz z budową oświetlenia;483 500,00
170;łódzkie;zduńskowolski;Powiat;Zduńskowolski;Zduńska Wola, ul. Dolna 41;Budowa oświetlenia boisk piłkarskich;320 600,00
171;łódzkie;zduńskowolski;Powiat;Zduńskowolski;Zduńska Wola, ul. Komisji Edukacji Narodowej;Budowa kompleksu lekkoatletycznego;127 400,00
172;małopolskie;bocheński;Gmina;Bochnia;Bogucice i Damnice;Remont boisk wielofunkcyjnych;91 100,00
173;małopolskie;bocheński;Gmina Miasta;Bochnia;Bochnia, ul. Parkowa 2;Remont bieżni lekkoatletycznej;206 100,00
174;małopolskie;chrzanowski;Gmina;Babice;Mętków, ul. Karola Wojtyły 21;Budowa sali gimnastycznej;1 400 000,00
175;małopolskie;krakowski;Gmina;Sułoszowa;Sułoszowa I;Budowa boiska piłkarskiego, urządzeń lekkoatletycznych i siłowni zewnętrznej;700 000,00
176;małopolskie;krakowski;Gmina;Kocmyrzów-Luborzyca;Wysiołek Luborzycki 160b;Remont sali gimnastycznej wraz z zapleczem socjalno-sanitarnym;183 500,00
177;małopolskie;krakowski;Gmina;Igołomia-Wawrzeńczyce;Igołomia;Przebudowa boiska wielofunkcyjnego, bieżni ze skocznią w dal i siłowni zewnętrznej;262 000,00
178;małopolskie;krakowski;Gmina;Zabierzów;Zabierzów, ul. Kolejowa 15a;Rozbudowa i częściowa przebudowa krytej pływalni;611 400,00
179;małopolskie;limanowski;Gmina;Kamienica;Kamienica;Budowa sali gimnastycznej;482 900,00
180;małopolskie;limanowski;Gmina;Laskowa;Kamionka Mała;Budowa sali gimnastycznej;855 000,00
181;małopolskie;limanowski;Gmina;Łukowica;Stronie, Stronie 2;Budowa sali gimanstycznej;1 000 000,00
182;małopolskie;limanowski;Gmina;Mszana Dolna;Kasinka Mała;Odbudowa kompleksu sportowego Orlik;555 400,00
183;małopolskie;m. Kraków;Gmina Miejska;Kraków;Kraków, ul. Kazimierza Odnowiciela 2;Modernizacja dwóch boisk wielofunkcyjnych oraz urządzeń lekkoatletycznych;290 000,00
184;małopolskie;m. Kraków;Gmina Miejska;Kraków;Kraków, ul. Wacława Popławskiego 17;Budowa boiska wielofunkcyjnego, boiska do siatkówki wraz z urządzeniami lekkoatletycznymi;216 800,00
185;małopolskie;m. Kraków;Inny;Wojewódzki Ludowy Klub Sportowy KRAKUS;Kraków, Kąpielowa 51;Termomodernizacja hali sportowej krytej ujeżdżalni;459 900,00
186;małopolskie;m. Kraków;Gmina Miejska;Kraków;Kraków, ul. Lipowskiego 5;Modernizacja boiska piłkarskiego;513 600,00
187;małopolskie;m. Kraków;Klub sportowy;RKS Garbarnia Kraków;Kraków, ul. Rydlówka 23;Przebudowa boiska piłkarskiego;326 000,00
188;małopolskie;m. Kraków;Gmina Miejska;Kraków;Kraków, al. Focha;Budowa hali 100-lecia KS Cracovia wraz z Centrum Sportu Osób Niepełnosprawnych;10 000 000,00
189;małopolskie;m. Kraków;Gmina Miejska;Kraków;Kraków, ul. Grochowska 20;Budowa hali sportowej z zapleczem;5 050 000,00
190;małopolskie;m. Tarnów;Miasto;Tarnów;Tarnów, ul. Bitwy pod Studziankami 5;Modernizacja boiska wielofunkcyjnego i boiska do badmintona;414 000,00
191;małopolskie;myślenicki;Inny;Myślenicki Ośrodek Kultury i Sportu;Myślenice, ul. Ogrodowa 19;Rozbudowa pomieszczeń odnowy biologicznej na basenie;120 300,00
192;małopolskie;nowosądecki;Gmina;Chełmiec;Chełmiec, ul. Papieska 2;Budowa krytej pływalni;2 000 000,00
193;małopolskie;nowosądecki;Gmina;Grybów;Ptaszkowa;Budowa tras nartorolkowych oraz budynku zaplecza;2 450 700,00
194;małopolskie;nowotarski;Gmina;Nowy Targ;Pyzówka, ul. Orkana 6;Budowa sali gimnastycznej;965 000,00
195;małopolskie;suski;Gmina;Sucha Beskidzka;Sucha Beskidzka, ul. Zasypnicka 1;Budowa sali gimnastycznej;377 000,00
196;małopolskie;suski;Powiat;Suski;Sucha Beskidzka, ul. Zielona 1;Remont krytej pływalni;162 600,00
197;małopolskie;suski;Gmina;Sucha Beskidzka;Sucha Beskidzka, ul. Mickiewicza;Modernizacja kompleksu lekkoatletycznego;720 100,00
198;małopolskie;tarnowski;Gmina;Szerzyny;Szerzyny;Budowa bieżni lekkoatletycznej okrężnej 400 m 6-torowej i boiska wielofunkcyjnego;248 000,00
199;małopolskie;tatrzański;Inny;Województwo Małopolskie;Zakopane, ul. Droga do Olczy 26;Rozbudowa ZSMS o halę sportową;4 000 000,00
200;małopolskie;tatrzański;COS;COS OPO w Zakopanem;Zakopane, ul. Czecha 1;Zakup i montaż środków trwałych - band ochronnych dla toru lodowego oraz urządzeń chłodniczych - pomp;690 900,00
201;małopolskie;wadowicki;Gmina;Tomice;Radocza, ul. Dębowa 49;Budowa sali gimnastycznej;318 000,00
202;mazowieckie;białobrzeski;Gmina;Promna;Rykały;Budowa boiska piłkarskiego i wielofunkcyjnego;209 500,00
203;mazowieckie;białobrzeski;Powiat;Białobrzeski;Białobrzegi, ul. Sądowa;Remont boiska wielofunkcyjnego;168 500,00
204;mazowieckie;białobrzeski;Gmina;Białobrzegi;Białobrzegi, pl. Zygmnta Starego 9;Przebudowa kompleksu lekkoatletycznego;930 000,00
205;mazowieckie;ciechanowski;Miasto;Ciechanów;Ciechanów, ul. 17 Stycznia 60B;Modernizacja krytej pływalni;500 000,00
206;mazowieckie;garwoliński;Powiat;Garwoliński;Garwolin, ul. Staszica 15;Remont boiska wielofunkcyjnego i boiska do siatkówki oraz budowa siłowni zewnętrznej;100 000,00
207;mazowieckie;garwoliński;Gmina;Górzno;Górzno Kolonia;Budowa hali sportowej oraz boiska wielofunkcyjnego i bieżni prostej;1 500 000,00
208;mazowieckie;grójecki;Gmina;Chynów;Sułkowice, ul. Ogrodowa 38A;Budowa sali gimnastycznej;280 000,00
209;mazowieckie;grójecki;Gmina;Grójec;Lesznowola, ul. Szkolna 1;Budowa boiska wielofunkcyjnego;200 000,00
210;mazowieckie;grójecki;Gmina;Warka;Warka, ul Mostowa 1;Budowa kompleksu lekkoatletycznego;600 000,00
211;mazowieckie;kozienicki;Gmina;Kozienice;Kozienice, ul. Głowaczowska 33;Budowa boiska piłkarskiego;130 000,00
212;mazowieckie;legionowski;Gmina;Wieliszew;Wieliszew, działka nr 44/193;Budowa sali gimnastycznej;970 000,00
213;mazowieckie;łosicki;Gmina;Sarnaki;Serpelice;Budowa boiska wielofunkcyjnego;80 000,00
214;mazowieckie;m. Radom;Gmina Miasta;Radomia;Radom, ul. Osiedlowa 36;Budowa boiska piłkarskiego;100 000,00
215;mazowieckie;m. Radom;Gmina Miasta;Radomia;Radom, ul. Kujawska 19;Budowa boiska wielofunkcyjnego;100 000,00
216;mazowieckie;m. Radom;Gmina Miasta;Radomia;Radom, ul. Malenicka 29;Budowa boiska piłkarskiego i biezni prostej 60 m oraz przebudowa boiska wielofunkcyjnego;120 000,00
217;mazowieckie;m. Radom;Gmina Miasta;Radomia;Radom, ul. Ceglana 14;Budowa sali gimnastycznej;600 000,00
218;mazowieckie;m. Radom;Inny;Miejski Ośrodek Sportu i Rekreacji w Radomiu Sp. z o.o;Radom, ul. Bulwarowa;Budowa odkrytych kortów tenisowych oraz budynku zaplecza sanitarno-szatniowego;1 528 900,00
219;mazowieckie;m. Radom;Inny;Miejski Ośrodek Sportu i Rekreacji w Radomiu Sp. z o.o;Radom, ul. Krasickiego 78;Remont sali treningowej przeznaczonej do sportów walki;274 900,00
220;mazowieckie;m. Radom;Inny;Miejski Ośrodek Sportu i Rekreacji w Radomiu Sp. z o.o;Radom, ul. Piastowska 17;Remont systemu wentylacji;264 200,00
221;mazowieckie;m. Radom;Inny;Miejski Ośrodek Sportu i Rekreacji w Radomiu Sp. z o.o;Radom, ul. Narutowicza 9;Budowa hali sportowo-widowiskowej;35 679 700,00
222;mazowieckie;m. Siedlce;Miasto;Siedlce;Siedlce, ul. Henryka Sienkiewicza 49;Modernizacja sali gimnastycznej oraz zaplecza sanitarno-szatniowego;100 000,00
223;mazowieckie;m. st. Warszawa;Miasto;st. Warszawa/Ursus;Warszawa, ul. Konińska;Budowa hali sportowej;990 000,00
224;mazowieckie;m. st. Warszawa;Inny;WM-Sport Sp. z o.o;Warszawa/Białołęka, ul. Fleminga 2;Remont boiska piłkarskiego z piłkochwytami;329 900,00
225;mazowieckie;m. st. Warszawa;COS;COS Warszawa;Warszawa, ul. Łazienkowska 6a;Budowa maszynowni chłodu w Centralnym Ośrodku Sportu w Warszawie;2 621 200,00
226;mazowieckie;m. st. Warszawa;Inny;Instytut Sportu;Warszawa, ul. Trylogii 2/16;Rozbudowa systemu teleinformatycznego do zarządzania danymi w zakresie bezpieczeństwa danych;600 000,00
227;mazowieckie;m. st. Warszawa;Inny;Instytut Sportu;Warszawa, ul. Trylogii 2/16;Zakup i montaż układu LCMS dla Zakładu Badań Antydopingowych;1 225 000,00
228;mazowieckie;m. st. Warszawa;Inny;Instytut Sportu;Warszawa, ul. Trylogii 2/16;Adaptacja pomieszczeń i utworzenie laboratorium Zespołu Certyfikacji;130 000,00
229;mazowieckie;m. Stołeczne Warszawa;Klub sportowy;"Warszawski Klub Tenisowy ""MERA""";Warszawa/Ochota, al.. Bohaterów Września 12;"Modernizacja hali ""A"" WKT ""MERA""";226 200,00
230;mazowieckie;makowski;Gmina;Rzewnie;Rzewnie 3;Budowa sali gimnastycznej wraz z boiskiem wielofunkcyjnym;450 000,00
231;mazowieckie;miński;Miasto;Mińsk Mazowiecki;Mińsk Mazowiecki, ul. Budowlana;Budowa boiska piłkarskiego, bieżni okrężnej 400 m oraz terenowych urządzeń lekkoatletycznych;1 280 000,00
232;mazowieckie;miński;Miasto;Mińsk Mazowiecki;Mińsk Mazowiecki, ul. Wyszyńskiego 56;Modernizacja technologii uzdatniania wody oraz instalacja wentylacji aquaparku wraz z budową zewnętrznego placu zabaw;100 000,00
233;mazowieckie;miński;Gmina;Cegłów;Cegłów, ul. Poprzeczna 27;Budowa hali sportowej;3 330 400,00
234;mazowieckie;mławski;Gmina;Stupsk;Wyszyny Kościelne;Budowa boiska piłkarskiego;46 200,00
235;mazowieckie;mławski;Miasto;Mława;Mława, ul. Warszawska 52;Budowa boiska wielofunkcyjnego, ścieżki sprawnościowej i placu zabaw;198 700,00
236;mazowieckie;mławski;Miasto;Mława;Mława, ul. Kopernika 38;Remont treningowego boiska piłkarskiego;1 000 000,00
237;mazowieckie;nowodworski;Miasto;Nowy Dwór Mazowiecki;Nowy Dwór Mazowiecki, ul. Młodzieżowa 1;Budowa hali sportowej;2 000 000,00
238;mazowieckie;nowodworski;Gmina;Nasielsk;Nasielsk, ul. Sportowa 28;Remont zaplecza sanitarno-szatniowego;610 800,00
239;mazowieckie;ostrołęcki;Gmina;Rzekuń;Rzekuń, ul. Nowa;Budowa placu zabaw;50 000,00
240;mazowieckie;ostrołęcki;Gmina;Czarnia;Surowe, działka nr 2075;Budowa boiska wielofunkcyjnego;171 100,00
241;mazowieckie;ostrołęcki;Gmina;Myszyniec;Myszyniec, ul. Dzieci Polskich 1A;Remont boiska piłkarskiego;991 000,00
242;mazowieckie;ostrołęcki;Miasto;Ostrołęka;Ostrołęka, ul. Hallera 10;Remont kortów tenisowych;408 900,00
243;mazowieckie;otwocki;Gmina;Celestynów;Celestynów, ul. św. Kazimierza 55;Budowa sali gimnastycznej;700 000,00
244;mazowieckie;otwocki;Gmina;Sobienie-Jeziory;Sobienie-Jeziory, ul. Garwolińska 14;Budowa sali gimnastycznej;370 000,00
245;mazowieckie;otwocki;Gmina;Kołbiel;Kąty, ul. Królewska 58;Budowa sali gimnastycznej;360 000,00
246;mazowieckie;piaseczyński;Gmina;Konstancin-Jeziorna;Opacz, Opacz 9;Budowa sali gimnastycznej;100 000,00
247;mazowieckie;piaseczyński;Gmina;Piaseczno;Piaseczno, ul. 1 Maja 16;Budowa kompleksu lekkoatletycznego;1 300 000,00
248;mazowieckie;płocki;Gmina;Słupno;Słupno, ul. Kościelna 16;Budowa kompleksu lekkoatletycznego;350 000,00
249;mazowieckie;płoński;Powiat;Płoński;Płońsk, ul. Młodzieżowa 11A;Budowa sali gimnastycznej;420 000,00
250;mazowieckie;płoński;Gmina Miasto;Płońsk;Płońsk, ul. Wolności 4;Budowa sali gimnastycznej;820 000,00
251;mazowieckie;pruszkowski;Gmina;Brwinów;Brwinów, ul Piłsudskiego 11;Budowa hali sportowej;2 000 000,00
252;mazowieckie;przasnyski;Miasto;Przasnysz;Przasnysz, ul. Makowska 23;Przebudowa boiska piłkarskiego;1 000 000,00
253;mazowieckie;przysuski;Gmina;Borkowice;Smagów, ul. Szydłowiecka 38;Budowa boiska wielofunkcyjnego oraz siłowni plenerowej;190 000,00
254;mazowieckie;przysuski;Gmina;Klwów;Klwów, Kłudno, Drążno;Budowa i remont budowa boiska wielofunkcyjnego w Drążnie oraz remont boiska wielofunkcyjnego przy PSP w Kłudnie i ZS Samorządowych w Klwowie;300 000,00
255;mazowieckie;pułtuski;Gmina;Pułtusk;Pułtusk, ul. Widok;Budowa boisko wielofunkcyjne;110 000,00
256;mazowieckie;pułtuski;Gmina;Pułtusk;Pułtusk, ul. Polna 7;Budowa dwóch boisk wielofunkcyjnych, bieżni okrężnej 200 m i skoczni do skoku w dal;290 000,00
257;mazowieckie;pułtuski;Gmina;Pułtusk;Pułtusk, ul. Daszyńskiego;Remont bieżni i infrastruktury towarzyszącej;993 300,00
258;mazowieckie;radomski;Gmina Miasto;Pionki;Pionki, ul. Sportowa 1;Budowa pawilonu sportowego wraz z trybunami na stadionie;190 000,00
259;mazowieckie;radomski;Gmina;Zakrzew;Bielicha;Budowa sali gimnastycznej;530 000,00
260;mazowieckie;radomski;Gmina;Wolanów;Mniszek, ul. Radomska;Budowa boiska piłkarskiego i wielofunkcyjnego;180 000,00
261;mazowieckie;radomski;Gmina;Jedlnia-Letnisko;Kolonka, działka nr 269;Remont boiska piłkarskiego;197 800,00
262;mazowieckie;siedlecki;Gmina;Kotuń;Kotuń, Pieróg, Cisie-Zagrudzie, Koszewnica;Budowa czterech placów zabaw;50 000,00
263;mazowieckie;warszawski-zachodni;Gmina;Ożarów Mazowiecki;Duchnice, działka nr ew. 76/33;Budowa sali gimnastycznej;382 000,00
264;mazowieckie;warszawski-zachodni;Gmina;Błonie;Błonie, ul. Lesznowolska 15A;Budowa zadaszenia kortów tenisowych;374 200,00
265;mazowieckie;węgrowskia;Powiat;Węgrowski;Węgrów, ul. Mickiewicza 3;Przebudowa i nadbudowa dachu na sali gimnastycznej wraz z remontem zaplecza sanitarno-szatniowego;200 000,00
266;mazowieckie;wołomiński;Gmina;Wołomin;Czarna, ul. Witosa 52;Budowa sali gimnastycznej;860 000,00
267;mazowieckie;wołomiński;Gmina;Radzymin;Radzymin, ul. 11 Listopada 2;Budowa hali sportowej;890 000,00
268;mazowieckie;wołomiński;Powiat;Wołomiński;Radzymin, ul. Konstytucji 3 Maja 26;Budowa hali sportowej;880 000,00
269;mazowieckie;wyszkowski;Gmina;Wyszków;Wyszków, ul. Jana Matejki 5;Budowa boiska do piłki ręcznej i boiska wielofunkcyjnego;150 000,00
270;mazowieckie;wyszkowski;Gmina;Wyszków;Wyszków, ul. 11 Listopada 62;Budowa boiska do piłki ręcznej, boiska wielofunkcyjnego, biezni i skoczni do skoku w dal;140 000,00
271;mazowieckie;wyszkowski;Gmina;Długosiodło;Dalekie, Dalekie 69A;Budowa boiska do piłkarskiego oraz bieżni prostej;480 000,00
272;mazowieckie;wyszkowski;Powiat;Wyszkowski;Wyszków, ul. I Armii Wojska Polskiego 82;Budowa boiska wielofunkcyjnego;100 000,00
273;mazowieckie;żyrardowski;Powiat;Żyrardowski;Żyrardów, ul. Bohaterów Warszawy 4;Budowa hali sportowej;960 000,00
274;opolskie;brzeski;Gmina;Lewin Brzeski;Lewin Brzeski, ul. Kościuszki 61;Remont nawierzchni boiska wielofunkcyjnego i bieżni prostej;100 000,00
275;opolskie;brzeski;Gmina;Lubsza;Borucice, Dobrzyń, Kościerzyce, Lubsza, Mąkoszyce, Myśliborzyce, Nowy Świat, Pisarzowice, Tarnowice;Budowa 9 siłowni plenerowych;50 000,00
276;opolskie;brzeski;Gmina;Skarbimierz;Żłobizna, ul. Brzeska;Budowa boiska wielofunkcyjnego;80 000,00
277;opolskie;brzeski;Gmina;Brzeg;Brzeg, ul. Oławska 2A;Remont pomieszczeń zaplecza szatniowego oraz wymiana oświetlenia i płyt sufitu podwieszanego w hali sportowej;308 480,00
278;opolskie;brzeski;Gmina;Brzeg;Brzeg, ul. Poprzeczna 1;Remont sali gimnastycznej wraz z zapleczem sanitarnym;424 700,00
279;opolskie;kędzierzyńsko-kozielski;Gmina;Kędzierzyn-Koźle;Kędzierzyn-Koźle, al. Jana Pawła II 29;"Modernizacja w hali sportowej ""Śródmieście""";415 900,00
280;opolskie;kędzierzyńsko-kozielski;Gmina;Kędzierzyn-Koźle;Kędzierzyn-Koźle, Al.. Jana Pawła II 31;Modernizacja krytej pływalni;701 000,00
281;opolskie;kędzierzyńsko-kozielski;Gmina;Kędzierzyn-Koźle;Kędzierzyn-Koźle, ul. Mieszka 14;Budowa kompleksu lekkoatletycznego;350 000,00
282;opolskie;kluczborski;Gmina;Byczyna;Byczyna, ul. Poznańska 6;Budowa kompleksu lekkoatletycznego;349 900,00
283;opolskie;krapkowicki;Gmina;Krapkowice;Krapkowice, ul. Wrzosów;Budowa boiska piłkarskiego i kortów tenisowych;100 000,00
284;opolskie;m. Opole;Miasto;Opole;Opole, ul. Barlickiego 13;Modernizacja hali i zaplecza sztucznego lodowiska TOROPOL;1 234 200,00
285;opolskie;m. Opole;Miasto;Opole;Opole, ul. Barlickiego 13;Modernizacja hali sztucznego lodowiska TOROPOL - etap II;420 700,00
286;opolskie;m. Opole;Miasto;Opole;Opole, ul. Barlickiego 13;Modernizacja maszynowni chłodniczej Sztucznego Lodowiska TOROPOL;528 400,00
287;opolskie;m. Opole;Miasto;Opole;Opole, ul. Oleska 70;"Przebudowa Hali Sportowej ""Okrąglak""";7 000 000,00
288;opolskie;nyski;Powiat;Nyski;Nysa, pl. Sikorskiego 1;Budowa boiska wielofunkcyjnego;149 200,00
289;opolskie;nyski;Gmina;Nysa;Nysa, ul. Chodowieckiego 7;Budowa wielofunkcyjnego boiska sportowego;180 000,00
290;opolskie;nyski;Gmina;Nysa;Nysa, Sudecka 28;Budowa hali sportowo-widowiskowej;7 000 000,00
291;opolskie;opolski;Gmina;Łubniany;Jełowa, ul. Wolności 15;Budowa boiska wielofunkcyjnego i siłowni plenerowej;254 900,00
292;opolskie;prudnicki;Gmina;Głogówek;Twardawa, ul. Kozielska;Przebudowa boiska piłkarskiego;80 000,00
293;opolskie;prudnicki;Gmina;Głogówek;Mochów, działka nr 421;Przebudowa boiska piłkarskiego;90 000,00
294;opolskie;prudnicki;Gmina;Głogówek;Glogówek, ul. Jana Pawła II;Budowa skateparku;120 000,00
295;opolskie;prudnicki;Gmina;Prudnik;Prudnik, ul. Łucznicza 1;Modernizacja hali sportowej;245 000,00
296;opolskie;strzelecki;Gmina;Leśnica;Leśnica, ul. Zdzieszowicka;Budowa boisk: wielofunkcyjnego i piłkarskiego, bieżni okrężnej 200 m z bieżnia prostą oraz skoczni do skoku w dal;628 500,00
297;podkarpackie;bieszczadzki;Gmina;Ustrzyki Dolne;Ustrzyki Dolne, ul. Kopernika 1;Przebudowa zaplecza socjalno-sanitarnego dla stadionu sportowego;338 100,00
298;podkarpackie;brzozowski;Gmina;Haczów;Jasionów;Budowa boiska wielofunkcyjnego;137 800,00
299;podkarpackie;dębicki;Gmina;Dębica;Głobikowa;Budowa sali gimnastycznej oraz boiska wielofunkcyjnego;870 000,00
300;podkarpackie;dębicki;Gmina Miasta;Dębica;Dębica, ul. Szkotnia 14;Budowa boiska wielofunkcyjnego;120 000,00
301;podkarpackie;dębicki;Gmina Miasta;Dębica;Dębica, ul. Huberta Wagnera 4;Budowa boiska wielofunkcyjnego i kortu tenisowego;173 900,00
302;podkarpackie;dębicki;Gmina Miasta;Dębica;Dębica, ul. Łysogórska 25;Budowa hali sportowej;1 200 000,00
303;podkarpackie;dębicki;Powiat;Dębicki;Dębica, ul. Lisa 4;Remont hali sportowej;231 400,00
304;podkarpackie;jarosławski;Gmina;Jarosław;Makowisko;Budowa boiska wielofukcyjnego;118 500,00
305;podkarpackie;jarosławski;Gmina Miejska;Jarosław;Jarosław, os. Kombatantów;Modernizacja boisk: piłkarskiego i wielofunkcyjnego;68 800,00
306;podkarpackie;jarosławski;Gmina;Pruchnik;Pruchnik, Rynek;Rozbudowa sali gimnastycznej o łącznik pomiędzy salą gimnastyczną a budynkiem gimnazjum;156 800,00
307;podkarpackie;jarosławski;Gmina;Jarosław;Wólka Pełkińska, działka nr 984;Modernizacja budynku zaplecza socjalno-sanitarnego;275 400,00
308;podkarpackie;jarosławski;Gmina;Radymno;Skołoszów, działka nr ew. 701/3;Budowa zaplecza socjalno-saniarnego;459 100,00
309;podkarpackie;jarosławski;Gmina;Pruchnik;Pruchnik, ul. Sportowa 1;Przebudowa bieżni okrężnej 400 m;557 000,00
310;podkarpackie;jasielski;Miasto;Jasło;Jasło, ul. Sikorskiego 15;Budowa hali sportowej przeznaczonej do sportów walki;1 650 000,00
311;podkarpackie;jasielski;Gmina;Nowy Żmigród;Nowy Żmigród, ul. Mickiewicza 2;Budowa hali sportowej;2 900 000,00
312;podkarpackie;kolbuszowski;Gmina;Cmolas;Cmolas, Cmolas 237B;Modernizacja krytej pływalni;100 000,00
313;podkarpackie;kolbuszowski;Powiat;Kolbuszowski;Kolbuszowa, ul. Jana Pawła II 8;Przebudowa boiska wielofunkcyjnego;282 300,00
314;podkarpackie;krośnieński;Gmina;Miejsce Piastowe;Głowienka, ul. Szkolna;Budowa sali gimnastycznej;600 000,00
315;podkarpackie;krośnieński;Województwo;Podkarpackie;Rymanów Zdroj, działka nr 433;Przebudowa boiska wielofunkcyjnego i budowa placu zabaw;90 000,00
316;podkarpackie;krośnieński;Gmina;Chorkówka;Świerzowa Polska, ul. Szkolna 31;Budowa sali gimnastycznej;600 000,00
317;podkarpackie;krośnieński;Gmina;Rymanów;Posada Górna;Budowa boiska wielofunkcyjnego i placu zabaw;100 000,00
318;podkarpackie;krośnieński;Gmina;Dukla;Dukla, działka nr 206/47;Budowa boiska do piłki nożnej plażowej i siatkówki plażowej;156 200,00
319;podkarpackie;krośnieński;Gmina;Jedlicze;Jedlicze, ul. Kościuszki;Budowa sztucznego lodowiska;500 000,00
320;podkarpackie;krośnieński;Gmina;Wojaszówka;Łęki Strzyżowskie;Przebudowa boiska piłkarskiego;133 000,00
321;podkarpackie;leski;Gmina;Lesko;Lesko, ul. Bieszczadzka;Budowa boiska wielofunkcyjnego (sztucznego lodowiska), boisk plażowych do piłki nożnej i siatkówki, ścieżki rowerowej i placu zabaw dla dzieci;1 305 000,00
322;podkarpackie;lubaczowski;Gmina Miejska;Lubaczów;Lubaczów, ul. Marii Konopnickiej;Remont i przebudowa 2 sal gimnastycznych;914 000,00
323;podkarpackie;łańcucki;Gmina;Rakszawa;;Przebudowa sali gimnastycznej;1 200 000,00
324;podkarpackie;łańcucki;Gmina;Łańcut;Handzlówka;Budowa sali gimnastycznej;600 000,00
325;podkarpackie;łańcucki;Gmina;Czarna;Krzemienica, działka nr 823/10;Przebudowa boiska wielofunkcyjnego;221 200,00
326;podkarpackie;m. Krosno;Gmina Miasto;Krosno;Krosno, ul. Szpetnara 9;Budowa sali gimnastycznej;823 100,00
327;podkarpackie;m. Krosno;Gmina;Krosno;Krosno, ul. Bursaki 41;Przebudowa odkrytych kortów tenisowych;310 300,00
328;podkarpackie;m. Krosno;Gmina;Krosno;Krosno, ul. Bema 46;Przebudowa boiska wielofunkcyjnego;239 500,00
329;podkarpackie;m. Krosno;Gmina;Krosno;Krosno, ul. Bursaki;Remont hali sportowej;786 900,00
330;podkarpackie;m. Przemyśl;Gmina Miejska;Przemyśl;Przemyśl, ul. Dworskiego;Budowa 2 budynków zaplecza, bieżni prostej, rzutni do pchnięcia kulą i trybuny zadaszonej;900 000,00
331;podkarpackie;m. Rzeszów;Gmina Miasto;Rzeszów;Rrzeszów, ulice: Bernardyńska 4, Bulwarowa 3, Rejtana 3, Sucharskiego 4, Solarza 12;Budowa 5 boisk wielofunkcyjnych, 2 boisk do siatkówki, boiska do piłki plażowej, boiska od piłki ręcznej, 2 kortów tenisowych i urządzeń lekkoatletycznych;1 000 000,00
332;podkarpackie;m. Rzeszów;Inny;Podkarpackie Towarzystwo Krzewienia Kultury Fizycznej w Rzeszowie;Rzeszów, ul. 17 Pułku Piechoty;Przebudowa 3 sal gimnastycznych i zaplecza ośrodka rehabilitacyjno-rekreacyjnego;699 700,00
333;podkarpackie;m. Tarnobrzeg;Gmina;Tarnobrzeg;Tarnobrzeg, ul. Zwierzyniecka;Budowa trzech kortów do tenisa ziemnego wraz z budynkiem zaplecza;300 000,00
334;podkarpackie;m. Tarnobrzeg;Miasto;Tarnobrzeg;Tarnobrzeg, al. Niepodległości 2;Remont krytej pływalni;341 600,00
335;podkarpackie;mielecki;Powiat;Mielecki;Mielec, ul. Jędrusiów 1;Przebudowa boiska wielofunkcyjnego i bieżni prostej;328 099,00
336;podkarpackie;mielecki;Gmina;Tuszów Narodowy;Jaślany;Budowa zaplecza socjalno-sanitarnego;240 800,00
337;podkarpackie;mielecki;Gmina Miejska;Mielec;Mielec, ul. Solskiego 1;Remont i rozbudowa hali widowiskowo-sportowej;7 000 000,00
338;podkarpackie;niżański;Gmina i Miasto;Ulanów;Kurzyna Średnia, Kurzyna Średnia 35a;Budowa boiska wielofunkcyjnego;150 000,00
339;podkarpackie;niżański;Gmina;Jarocin;Zdziary;Budowa budynku szatniowo-socjalnego;317 600,00
340;podkarpackie;przeworski;Gmina;Adamówka;Majdan Sieniawski, Majdan Sieniawski 197;Budowa sali gimnastycznej;1 100 000,00
341;podkarpackie;przeworski;Miasto i Gmina;Kańczuga;Kańczuga, ul. Parkowa 4;Przebudowa bieżni okrężnej 400 m;212 500,00
342;podkarpackie;ropczycko-sędziszowski;Gmina;Sędziszów Małopolski;Sędziszów Małopolski, Osiedle Młodych 20;Budowa sali gimnastycznej;600 000,00
343;podkarpackie;ropczycko-sędziszowski;Gmina;Wielopole Skrzyńskie;Glinik;Budowa sali gimnastycznej;1 000 000,00
344;podkarpackie;ropczycko-sędziszowski;Gmina;Ropczyce;Ropczyce, ul. Konarskiego 4;Remont 2 boisk: wielofunkcyjnego i piłkarskiego;319 138,00
345;podkarpackie;rzeszowski;Powiat;Rzeszowski;Trzciana, Trzciana 192;Budowa maneżu i padoku;600 000,00
346;podkarpackie;rzeszowski;Gmina;Krasne;Malawa;Budowa hali sportowej;1 500 000,00
347;podkarpackie;rzeszowski;Gmina;Głogów Małopolski;Pogwizdów Nowy, 252;Budowa sali gimnastycznej;600 000,00
348;podkarpackie;rzeszowski;Gmina;Trzebownisko;Wólka Podleśna 9;Budowa budynku zaplecza;500 000,00
349;podkarpackie;rzeszowski;Gmina;Boguchwała;Boguchwała, Mogielnica, Nosówka, Zgłobień, Zarzecze;Modernizacja 5 boisk piłkarskich na stadionach;686 500,00
350;podkarpackie;rzeszowski;Gmina;Tyczyn;Hermanowa, Hermanowa 212;Przebudowa boiska wielofunkcyjnego;176 200,00
351;podkarpackie;sanocki;Gmina;Tyrawa Wołoska;Tyrawa Wołoska;Budowa sali gimnastycznej;400 000,00
352;podkarpackie;sanocki;Inny;Fundacja Promocji Sportu EKOBALL;Bykowce, ul. Marii Spanily;Przebudowa 2 boisk piłkarskich o nawierzchni z naturalnej trawy;468 000,00
353;podkarpackie;stalowowolski;Gmina;Stalowa Wola;Stalowa Wola, ul. Romana Dmowskiego 9;Budowa wielofunkcyjnego boiska sportowego;114 900,00
354;podkarpackie;stalowowolski;Gmina;Stalowa Wola;Stalowa Wola, ul. Hutnicza 14;Przebudowa boiska piłkarskiego;1 000 000,00
355;podkarpackie;stalowowolski;Gmina;Zaleszany;Zaleszany, ul. Sandomierska 95;Przebudowa boiska wielofunkcyjnego;150 000,00
356;podkarpackie;stalowowolski;Powiat;Stalowowolski;Stalowa Wola, ul. 1-go sierpnia 26;Budowa kompleksu lekkoatletycznego;344 200,00
357;podkarpackie;stalowowolski;Gmina;Stalowa Wola;Stalowa Wola, ul. Poniatowskiego 55;Budowa kompleksu lekkoatletycznego;350 000,00
358;podkarpackie;stalowowolski;Gmina;Bojanów;Przyszów Zapuście;Budowa kompleksu lekkoatletycznego;350 000,00
359;podkarpackie;stalowowolski;Gmina;Stalowa Wola;Stalowa Wola, ul. Wojska Polskiego 9;Budowa kompleksu lekkoatletycznego;175 000,00
360;podkarpackie;tarnobrzeski;Powiat;Tarnobrzeski;Nowa Dęba, ul. Kościuszki 101;Remont hali sportowej;178 300,00
361;podkarpackie;tarnobrzeski;Gmina;Nowa Dęba;Nowa Dęba, ul. Rzeszowska dz. Nr ewid. 306;Budowa kompleksu lekkoatletycznego;886 500,00
362;podlaskie;augustowski;Gmina;Augustów;Białobrzegi, Białobrzegi 75;Rozbudowa i remont sali gimnastycznej;102 000,00
363;podlaskie;augustowski;Gmina Miasto;Augustów;Augustów, ul. Nowomiejska 41;Budowa boiska piłkarskiego, bieżni, skoczni w dal;371 000,00
364;podlaskie;białostocki;Gmina;Łapy;Uhowo, ul. Szkolna 19;Budowa pełnowymiarowej sali gimnastycznej;132 100,00
365;podlaskie;białostocki;Gmina;Czarna Białostocka;Czarna Wieś Kościelna, ul. Szkolna 1;Budowa boiska wielofunkcyjnego i bieżni prostej;111 300,00
366;podlaskie;białostocki;Gmina;Łapy;Płonka Kościelna, oraz Łapy ul. Matejki 19;Budowa terenowych urządzeń sportowych (boisko, bieżnie, skocznie);98 500,00
367;podlaskie;białostocki;Gmina;Supraśl;Supraśl, ul. Piłsudskiego 1;Budowa 2 boisk (do piłki ręcznej i siatkówki), bieżni i skoczni;240 000,00
368;podlaskie;białostocki;Gmina;Dobrzyniewo Duże;Dobrzyniewo Duże, ul. Szkolna 14;Remont boiska wielofunkcyjnego;60 000,00
369;podlaskie;białostocki;Gmina;Wasilków;Wasilków, ul. Polna 1/4A;Remont sali gimnastycznej;105 000,00
370;podlaskie;białostocki;Powiat;Białostocki;Łapy, ul. Bohaterów Westerplatte 10;Modernizacja boiska wielofunkcyjnego, bieżni okrężnej 4-torowe o dł. 250 m, skoczni do skoku w dal;229 000,00
371;podlaskie;bielski;Miasto;Bielsk Podlaski;Bielsk Podlaski, ul. Poniatowskiego 18;Budowa 2 boisk (wielofunkcyjnego i do piłki ręcznej) i terenowych urządzeń sportowych;150 000,00
372;podlaskie;hajnowski;Gmina;Białowieża;Białowieża, ul. Sportowa 1;Budowa placu zabaw;40 800,00
373;podlaskie;m. Białystok;Klub sportowy;"Białostocki Klub Sportowy ""Hetman""";Białystok, ul. Kawaleryjska 17A;Budowa pełnowymiarowej sali gimnastycznej;100 000,00
374;podlaskie;m. Białystok;Miasto;Białystok;Białystok, osiedle Jaroszówka;Budowa boiska wielofunkcyjnego, placu zabaw oraz siłowni zewnętrznej;400 000,00
375;podlaskie;m. Białystok;Miasto;Białystok;Białystok, ul. Narewska 11;Budowa boiska wielofunkcyjnego i biezni 3-torowych (okrężnej i prostej);279 800,00
376;podlaskie;m. Białystok;Miasto;Białystok;Białystok, ul. Zwycięstwa 28;Przebudowa instalacji wentylacyjnej w pływalni krytej;250 000,00
377;podlaskie;m. Białystok;Miasto;Białystok;Białystok, ul. Wiatrakowa 18;Budowa 2 boisk wielofunkcyjnych, bieżni prostej, skoczni w dal i placu zabaw;285 000,00
378;podlaskie;m. Białystok;Miasto;Białystok;Białystok, al. 1000-lecia Państwa Polskiego;Budowa 3 boisk (piłkarskiego, wielofunkcyjnego, do piłki siatkowej plażowej), bieżni okrężnej i prostej, siłowni plenerowej i budynku zaplecza;691 000,00
379;podlaskie;m. Białystok;Miasto;Białystok;Białystok, ul. Pietrasze 29;Rozbudowa i przebudowa hali sportowej o badmintonową halę sportową z zapleczem;1 800 000,00
380;podlaskie;m. Łomża;Miasto;Łomża;Łomża, ul. Niemcewicza 17;Budowa boiska do piłki nożnej;76 000,00
381;podlaskie;m. Łomża;Miasto;Łomża;Łomża, ul. Niemcewicza 17;Budowa boiska wielofunkcyjnego;102 000,00
382;podlaskie;m. Łomża;Miasto;Łomża;Łomża, ul. Przykoszarowa 22;Budowa boiska wielofunkcyjnego i kortu tenisowego;270 000,00
383;podlaskie;m. Łomża;Miasto;Łomża;Łomża, ul. M. Kopernika 16;Remont Sali gimnastycznej;190 500,00
384;podlaskie;m. Suwałki;Miasto;Suwałki;Suwałki, ul. Klonowa 51;Budowa 2 boisk: piłkarskiego i wielofunkcyjnego;450 000,00
385;podlaskie;m. Suwałki;Miasto;Suwałki;Suwałki, ul. Minkiewicza 50;Budowa bieżni prostej i okrężnej (3 torowej);105 000,00
386;podlaskie;m. Suwałki;Miasto;Suwałki;Suwałki, ul. Wojska Polskiego 2, Daszyńskiego, Szpitalnej i Reymonta, Północna;Budowa Street Workout i Parkour Park oraz 3 siłowni plenerowych;156 000,00
387;podlaskie;sejneński;Gmina;Giby;Giby, działka 637;Budowa hali sportowej;422 000,00
388;podlaskie;sokólski;Gmina;Suchowola;Suchowola, ul. Augustowska 2;Przebudowa boiska wielofunkcyjnego i biezni okrężnej oraz budowa urządzeń lekkoatletycznych;388 000,00
389;podlaskie;wysokomazowiecki;Gmina Miejska;Wysokie Mazowieckie;Wysokie Mazowieckie, ul. 1 Maja 14;Przebudowa boiska piłkarskiego;401 000,00
390;podlaskie;wysokomazowiecki;Gmina;Sokoły;Sokoły, ul. Kościelna 5;Budowa 2 boisk wielofunkcyjnych;86 000,00
391;podlaskie;zambrowski;Gmina Miasto;Zambrów;Zambrów, ul. Obrońców Zambrowa 6;Budowa kompleksu lekkoatletycznego;97 200,00
392;podlaskie;zambrowski;Gmina Miasto;Zambrów;Zambrów, ul. Magazynowa 13;Budowa kompleksu lekkoatletycznego;175 000,00
393;podlaskie;zambrowski;Gmina Miasto;Zambrów;Zambrów, ul. Marii Konopnickiej 13;Budowa kompleksu lekkoatletycznego;109 000,00
394;pomorskie;bytowski;Powiat;Bytowski;Łodzierz, Łodzierz 11;Budowa boiska wielofunkcyjnego;142 000,00
395;pomorskie;bytowski;Gmina;Czarna Dąbrówka;Czarna Dąbrówka;Przebudowa bieżni lekkoatletycznej, skoczni w dali i rzutni do pchnięcia kulą;146 700,00
396;pomorskie;chojnicki;Gmina;Brusy;Brusy, ul. Armii Krajowej 1;Modernizacja kompleksu lekkoatletycznego;1 300 000,00
397;pomorskie;człuchowski;Gmina Miejska;Człuchów;Człuchów, ul. Szkolna 1;Przebudowa boiska piłkarskiego wraz z budową budynku zaplecza sportowego;521 700,00
398;pomorskie;gdański;Gmina;Pruszcz Gdański;Wiślina, ul. Mostowa 5;Budowa sali gimnastycznej;700 000,00
399;pomorskie;gdański;Gmina Miejska;Pruszcz Gdański;Pruszcz Gdański, ul. Niemcewicza 1;Remont podłogi hali widowiskowo-sportowej;125 600,00
400;pomorskie;kartuski;Gmina;Stężyca;Stężyca, ul. Abrahama 1;Budowa dwóch boisk piłkarskich i bieżni lekkoatletycznej;1 817 300,00
401;pomorskie;kartuski;Gmina;Somonino;Borcz;Budowa hali gimnastycznej;700 000,00
402;pomorskie;kartuski;Gmina;Żukowo;Żukowo, ul. Książąt Pomorskich;Modernizacja boiska piłkarskiego;640 100,00
403;pomorskie;m. Gdańsk;Klub sportowy;"Morski Robotniczy Klub Sportowy ""Gdańsk""";Gdańsk, ul. Załogowa 1;Budowa sali gimnastycznej z zapleczem;800 000,00
404;pomorskie;m. Gdańsk;Miasto;Gdańsk;Gdańsk, al. Grunwaldzka 244;Budowa stadionu lekkoatletycznego wraz z boiskiem treningowym - etap I;4 539 600,00
405;pomorskie;m. Gdynia;Miasto;Gdynia;Gdynia, ul. Olimpijska;Remont budynku Hali Gier;198 700,00
406;pomorskie;m. Gdynia;Gmina Miasta;Gdynia;Gdynia, ul. Olimpijska;Remont Hali Lekkoatletycznej;216 600,00
407;pomorskie;malborski;Gmina;Malbork;Malbork, ul. Główna 5;Budowa sali gimnastycznej;1 500 000,00
408;pomorskie;malborski;Gmina;Nowy Staw;Nowy Staw, ul. Sportowa 5;Modernizacja boiska piłkarskiego i kompleksu lekkoatletycznego z bieżnią okrężną 400 m;400 000,00
409;pomorskie;malborski;Miasto;Malbork;Malbork, ul. Toruńska 60;Budowa budynku zaplecza na stadionie miejskim;1 000 000,00
410;pomorskie;malborski;Miasto;Malbork;Malbork, ul. Generała de Gaulle'a 91;Budowa kompleksu lekkoatletycznego;350 000,00
411;pomorskie;słupski;Miasto;Ustka;Ustka, ul. Darłowska 18;Budowa boiska wielofunkcyjnego;100 000,00
412;pomorskie;słupski;Gmina;Słupsk;Głobino, działka nr 138/4 i 268;Budowa boiska wielofunkcyjnego;108 900,00
413;pomorskie;starogardzki;Gmina Miejska;Starogard Gdański;Starogard Gdański, al. Jana Pawła II 4;Modernizacja/ budowa boiska wielofunkcyjnego/ nowego boiska wielofunkcyjnego i biezni lekkoatletycznej;200 000,00
414;pomorskie;starogardzki;Gmina;Zblewo;Zblewo, ul. Kościerska 20;Budowa hali widowiskowo-sportowej;1 911 100,00
415;pomorskie;starogardzki;Gmina Miejska;Starogard Gdański;Starogard Gdański, ul. Harcerska;Modernizacja boiska piłkarskiego wraz z remontem zaplecza sanitarno-szatniowego;897 700,00
416;pomorskie;sztumski;Miasto i Gmina;Sztum;Sztum, ul. Reja;Modernizacja kompleksu lekkoatletycznego;1 300 000,00
417;pomorskie;wejherowski;Gmina;Wejherowo;Bolszewo, ul. Szkolna;Budowa sali gimnastycznej, boiska piłkarskiego i boiska wielofunkcyjnego;1 000 000,00
418;pomorskie;wejherowski;Gmina;Łęczyce;Rozłazino, ul. Długa 21;Budowa sali gimnastycznej z zapleczem;600 000,00
419;pomorskie;wejherowski;Gmina Miasta;Wejherowo;Wejherowo, ul. Nanicka 22;Przebudowa lodowiska stałego poprzez budowę zadaszenia lodowiska;500 000,00
420;pomorskie;wejherowski;Gmina Miejska;Rumia;Rumia, ul. Bukowa;Przebudowa boiska piłkarskiego oraz do gry w rugby;1 000 000,00
421;pomorskie;wejherowski;Inny;Stowarzyszenie Mieszkańcy Dzieciom;Karczemki, ul. Gdańska;Przebudowa boiska wielofunkcyjnego wraz z urządzeniami lekkoatletycznymi;420 800,00
422;pomorskie;wejherowski;Gmina Miasto;Wejherowo;Wejherowo, os. 1000 lecia P.P nr 15;Budowa budynku zaplecza sanitarno-szatniowego z salą treningową dla istniejącego zespołu boisk sportowych;949 900,00
423;śląskie;będziński;Powiat;Będziński;Będzin, ul. Kopernika 2;Budowa boisk: piłkarskiego i wielofunkcyjnego;160 700,00
424;śląskie;będziński;Gmina;Siewierz;Siewierz, ul. Długa 2;Budowa sali gimnastycznej z łącznikiem, bieżni prostej i modernizacja boiska wielofunkcyjnego;986 600,00
425;śląskie;będziński;Gmina;Bobrowniki;Dobieszowice, ul. Kościuszki 32;Budowa boisk: piłkarskiego i wielofunkcyjnego;166 000,00
426;śląskie;będziński;Gmina;Psary;"Sarnów, ul. Szkolna 5; Psary ul. Szkolna 32";Modernizacja sal gimnastycznych;119 300,00
427;śląskie;będziński;Gmina;Psary;Dąbie, ul. Pocztowa 39;Budowa boiska wielofunkcyjnego i skoczni w dal;139 800,00
428;śląskie;bielski;Gmina;Buczkowice;Buczkowice, ul. Szkolna 815;Modernizacja krytej pływalni;539 000,00
429;śląskie;bielski;Gmina;Wilamowice;Pisarzowice, ul. św. Floriana 28;Budowa boiska wielofunkcyjnego, bieżni prostej, skoczni do skoku w dal i wzwyż;295 000,00
430;śląskie;bielski;Gmina;Czechowice-Dziedzice;Ligota, ul. Wapiennicka;Budowa boiska piłkarskiego;335 800,00
431;śląskie;bielski;Gmina;Czechowice-Dziedzice;Czechowice-Dziedzice, ul. Chłopska 70;Budowa boiska wielofunkcyjnego, bieżni okrężnej 200-metrowej i prostej;249 400,00
432;śląskie;bielski;Inny;REKORD Sportowa Spółka Akcyjna;Bielsko-Biała, ul. Startowa 13;Modernizacja 2 boisk piłkarskich z trawy syntetycznej;465 000,00
433;śląskie;bielski;Powiat;Bielski;Czechowice-Dziedzice, ul. Konopnickiej 9;Budowa kompleksu lekkoatletycznego;88 000,00
434;śląskie;bielski;COS;COS OPO w Szczyrku;Szczyrk;Przebudowa wyciągu orczykowego DOLINY II;1 200 000,00
435;śląskie;bieruńsko-lędziński;Gmina;Chełm Śląski;Chełm Śląski, ul. Techników 4b;Budowa skateparku;123 000,00
436;śląskie;cieszyński;Gmina;Wisła;Wisła, ul. Malinka 53;Budowa boisk wielofunkcyjnych;178 400,00
437;śląskie;cieszyński;Miasto;Ustroń;Ustroń, ul. Wczasowa działki nr 4086/63, 4086/87;Modernizacja kortu tenisowego;100 700,00
438;śląskie;cieszyński;Miasto;Ustroń;Ustroń, ul. Sportowa;Budowa boiska wielofunkcyjnego;798 600,00
439;śląskie;cieszyński;Gmina;Zebrzydowice;Kaczyce, ul. Harcerska;Budowa budynku zaplecza sportowego;293 000,00
440;śląskie;cieszyński;Gmina;Hażlach;Pogwizdów, ul. Szkolna;Budowa boisk wielofunkcyjnych, bieżni okrężnej 200-metrowej i skoczni do skoku w dal;289 600,00
441;śląskie;cieszyński;Gmina;Skoczów;Skoczów, ul. Gustawa Morcinka;Modernizacja boiska piłkarskiego wraz z urządzeniami;456 400,00
442;śląskie;częstochowski;Gmina;Mykanów;Mykanów, ul. Słoneczna działki 562/2, 562/4;Budowa hali sportowej;953 500,00
443;śląskie;kłobucki;Powiat;Kłobucki;Kłobuck, ul. Ks. Skorupki 46;Modernizacja boiska wielofunkcyjnego;114 600,00
444;śląskie;lubliniecki;Gmina;Koszęcin;Rusinowice, ul. Lompy;Budowa sali gimnastycznej;923 000,00
445;śląskie;lubliniecki;Gmina;Lubliniec;Lubliniec, ul. 74 G.P.P;Budowa kompleksu lekkoatletycznego;942 500,00
446;śląskie;m. Bielsko-Biała;Inny;"Prowincja Polska Zgromadzenia Córek Bożej Miłości ""Instytut Marii""";Bielsko-Biała, ul. Broniewskiego 13;Budowa boiska wielofunkcyjnego;126 000,00
447;śląskie;m. Bielsko-Biała;Miasto;Bielsko-Biała;Bielsko-Biała, ul. Akademii Umiejętności 1;Budowa kompleksu lekkoatletycznego i boiska wielofunkcyjnego;350 000,00
448;śląskie;m. Bielsko-Biała;Miasto;Bielsko-Biała;Bielsko-Biała, ul. Słowackiego 27b;Budowa kompleksu lekkoatletycznego;900 000,00
449;śląskie;m. Bytom;Miasto;Bytom;Bytom, ul. Suchogórska 98;Budowa sali gimnastycznej;716 000,00
450;śląskie;m. Chorzów;Miasto;Chorzów;Chorzów, ul. Piotra Skargi;Budowa skateparku i siłowni plenerowej;240 000,00
451;śląskie;m. Chorzów;Miasto;Chorzów;Chorzów, ul. 3 Maja 16;Modernizacja boiska wielofunkcyjnego;141 000,00
452;śląskie;m. Częstochowa;Gmina Miasto;Częstochowa;Częstochowa, ul. Dąbrowskiego 75;Budowa sali gimnastycznej;1 205 000,00
453;śląskie;m. Częstochowa;Gmina Miasto;Częstochowa;Częstochowa, al. Najświętszej Maryi Panny 56;Modernizacja hali sportowej z bieżnią prostą 3-torową 80-metrową;647 800,00
454;śląskie;m. Dąbrowa Górnicza;Miasto;Dąbrowa Górnicza;Dąbrowa Górnicza, ul. Adamieckiego 12;Modernizacja krytej pływalni;672 000,00
455;śląskie;m. Gliwice;Miasto;Gliwice;Gliwice, ul. Pocztowa 31;Modernizacja boisk wielofunkcyjnych i bieżni prostej;350 300,00
456;śląskie;m. Gliwice;Miasto;Gliwice;Gliwice, ul. Tarnogórska 59;Modernizacja boisk: wielofunkcyjnego i piłkarskiego oraz urządzeń l.a.: bieżni okrężnej 200-metrowej i prostej 60-metrowej;449 300,00
457;śląskie;m. Gliwice;Miasto;Gliwice;Gliwice, ul. J. Ligonia 36;Modernizacja boisk wielofunkcyjnych i urządzeń l.a.: bieżni okrężnej 200-metrowej i prostej 60-metrowej;412 500,00
458;śląskie;m. Gliwice;Miasto;Gliwice;Gliwice, ul. Syriusza 30;Budowa stadionu lekkoatletycznego z boiskiem wielofunkcyjnym;4 500 000,00
459;śląskie;m. Jastrzębie-Zdrój;Miasto;Jastrzębie-Zdrój;Jastrzębie-Zdroj, ul. Bogoczowiec;Budowa boiska piłkarskiego i siłowni plenerowej;216 900,00
460;śląskie;m. Jastrzębie-Zdrój;Miasto;Jastrzębie-Zdrój;Jastrzębie-Zdroj, ul. Komuny Paryskiej 18c;Budowa boiska wielofunkcyjnego;237 400,00
461;śląskie;m. Katowice;Miasto;Katowice;Katowice, ul. Zadole 44a;Budowa boiska wielofunkcyjnego;178 000,00
462;śląskie;m. Mysłowice;Miasto;Mysłowice;Mysłowice, ul. Mikołaja Reja 28;Modernizacja boiska wielofunkcyjnego i bieżni prostej;84 500,00
463;śląskie;m. Mysłowice;Miasto;Mysłowice;Mysłowice, ul. Gwarków;Budowa sali gimnastycznej;1 279 700,00
464;śląskie;m. Piekary Śląskie;Gmina;Piekary Śląskie;Piekary Śląskie, ul. Drzymały 3;Remont budynku sali gimnastycznej;535 000,00
465;śląskie;m. Piekary Śląskie;Gmina;Piekary Śląskie;Piekary Śląskie, ul. Olimpijska 3;Remont boiska piłkarskiego z wymianą oświetlenia;499 500,00
466;śląskie;m. Ruda Śląska;Miasto;Ruda Śląska;Ruda Śląska, ul. Bytomska 15;Budowa budynku zaplecza szatniowego oraz oświetlenia boiska do rugby;776 100,00
467;śląskie;m. Sosnowiec;Gmina;Sosnowiec;Sosnowiec, ul. Zagłębiowska;Budowa boisk wielofunkcyjnych i bieżni prostej;101 000,00
468;śląskie;m. Tychy;Miasto;Tychy;Tychy, al. Bielska 100;Budowa kompleksu lekkoatletycznego;210 800,00
469;śląskie;m. Żory;Gmina Miejska;Żory;Żory, dzielnica Sikorskiego;Budowa boiska wielofunkcyjnego;109 000,00
470;śląskie;m. Żory;Gmina Miejska;Żory;Żory, ul. Strażacka 6;Budowa boiska wielofunkcyjnego;104 000,00
471;śląskie;m. Żory;Gmina Miejska;Żory;Żory, ul. Wodzisławska 201;Budowa boisk: wielofunkcyjnego i piłkarskiego i placu zabaw;415 000,00
472;śląskie;mikołowski;Miasto;Orzesze;Orzesze, ul. Karola Miarki 1A;Budowa boiska wielofunkcyjnego wraz z bieżnią prostą;153 000,00
473;śląskie;mikołowski;Gmina Miejska;Łaziska Górne;Łaziska Górne, ul. Dworcowa 1;Modernizacja sali gimnastycznej;457 000,00
474;śląskie;myszkowski;Gmina;Myszków;Myszków dzałka 8442/13;Budowa boiska piłkarskiego i ścieżki zdrowia z siłownią plenerową;292 300,00
475;śląskie;pszczyński;Gmina;Suszec;Suszec, ul. Szkolna;Modernizacja boiska piłkarskiego, bieżni okrężnej 200 m i prostej oraz rzutni do pchnięcia kulą;310 000,00
476;śląskie;raciborski;Gmina;Nędza;Nędza, ul. Jana Pawła II 41a;Budowa placu zabaw;55 000,00
477;śląskie;rybnicki;Gmina;Gaszowice;Gaszowice, ul. Rydułtowska 8;Modernizacja boiska wielofunkcyjnego;65 000,00
478;śląskie;tarnogórski;Gmina;Ożarowice;Zendek, ul. Jasionek, ul. Główna;Budowa boiska do sportów plażowych, siłowni plenerowej i modernizacja boiska wielofunkcyjnego;114 800,00
479;śląskie;tarnogórski;Gmina;Ożarowice;Ossy, ul. Strażacka ;Budowa tras rolkowych, boiska wielofunkcyjnego i piłkarskiego oraz siłowni plenerowej;304 500,00
480;śląskie;tarnogórski;Gmina;Zbrosławice;Miedary, ul. Główna 26;Budowa boiska piłkarskiego;90 800,00
481;śląskie;tarnogórski;Miasto;Kalety;Kalety, ul. Paderewskiego 93;Remont boiska piłkarskiego i wielofunkcyjnego;255 600,00
482;śląskie;wodzisławski;Miasto;Radlin;Radlin, ul. Wieczorka;Budowa skateparku;197 000,00
483;śląskie;wodzisławski;Miasto;Radlin;Radlin, ul. Rymera 170;Modernizacja boiska;82 000,00
484;śląskie;wodzisławski;Gmina Miasto;Wodziaław Śląski;Wodzisław Śląski, os. 1 Maja 16c;Modernizacja krytej pływalni;1 276 700,00
485;śląskie;wodzisławski;Gmina;Marklowice;Marklowice, ul. Wyzwolenia 160;Modernizacja boiska wielofunkcyjnego i budowa bieżni okrężnej 200-metrowej;107 600,00
486;śląskie;zawierciański;Gmina;Zawiercie;Zawiercie, ul. 11 Listopada 22;Budowa boisk wielofunkcyjnych, bieżni prostej, skoczni w dal, rzutni do pchnięcia kulą oraz siłowni plenerowej;202 600,00
487;świętokrzyskie;buski;Gmina;Wiślica;Wiślica, ul. Podwale 1;Budowa hali sportowej;2 075 600,00
488;świętokrzyskie;kielecki;Gmina;Sitkówka-Nowiny;Kowala, Kowala 51B;Budowa boiska wielofunkcyjnego;53 600,00
489;świętokrzyskie;kielecki;Gmina;Zagnańsk;Zagnańsk, ul. Turystyczna 59;Remont hali sportowej;126 700,00
490;świętokrzyskie;konecki;Powiat;Konecki;Stąporków, ul. Stanisława Staszica 4;Przebudowa boiska wielofunkcyjnego;84 800,00
491;świętokrzyskie;konecki;Gmina;Końskie;Miasto Końskie i miejscowość Nieświń;Budowa 8 placów zabaw;120 100,00
492;świętokrzyskie;konecki;Gmina;Smyków;Miedzierza, działka nr 256 i 257;Budowa boiska piłkarskiego;530 300,00
493;świętokrzyskie;m. Kielce;Miasto;Kielce;Kielce, al. Legionów 4;Budowa hali sportowej;1 522 800,00
494;świętokrzyskie;m. Kielce;Gmina;Kielce;Kielce, ul. Warszawska 338;Budowa hali sportowej;964 000,00
495;świętokrzyskie;pińczowski;Gmina;Michałów;Michałów, Michałów 115;Budowa boiska wielofunkcyjnego;168 700,00
496;świętokrzyskie;starachowicki;Gmina;Starachowice;Starachowice, ul. Słoneczna i Kopalniana;Budowa boiska wielofunkcyjnego;178 300,00
497;świętokrzyskie;staszowski;Miasto i Gmina;Połaniec;Połaniec, ul Żapniowska 1;Remont 2 boisk (piłkarskiego i wielofunkcyjnego) i remont oświetlenia w 2 salach gimnastycznych;202 300,00
498;świętokrzyskie;staszowski;Powiat;Staszowski;Staszów, ul. 11 Listopada 3;Remont boiska do piłki siatkowej i urządzeń lekkoatletycznych;140 700,00
499;świętokrzyskie;staszowski;Powiat;Staszowski;Połaniec, ul. Ruszczańska 23;Remont hali sportowej oraz 2 boisk zewnętrznych;277 200,00
500;świętokrzyskie;staszowski;Gmina;Staszów;Staszów, ul. Koszarowa;Modernizacja kompleksu lekkoatletycznego;722 100,00
501;warmińsko-mazurskie;bartoszycki;Gmina Miejska;Bartoszyce;Bartoszyce, ul. Korczaka;Budowa kortów tenisowych, budynku zaplecza, siłowni zewnętrznej, skateparku oraz toru dla rolek;450 000,00
502;warmińsko-mazurskie;braniewski;Gmina;Pieniężno;Pieniężno, ul. Parkowa działka 139/12, 140/30;Budowa sali gimnastycznej z zapleczem dydaktycznym;590 000,00
503;warmińsko-mazurskie;braniewski;Gmina;Pieniężno;Pieniężno, ul. Parkowa działka 139/12, 140/30;Budowa sali gimnastycznej z zapleczem dydaktycznym;107 400,00
504;warmińsko-mazurskie;działdowski;Gmina Miasto;Działdowo;Działdowo, ul. Męczenników;Budowa skateparku;100 000,00
505;warmińsko-mazurskie;działdowski;Gmina;Płośnica;Jabłonowo;Budowa boiska wielofunkcyjnego;50 000,00
506;warmińsko-mazurskie;ełcki;Gmina Miasto;Ełk;Ełk, ul. Piłsudskiego;Budowa boiska piłkarskiego i adatacja części pomieszczeń parku wodnego na zaplecze dla boiska;600 000,00
507;warmińsko-mazurskie;giżycki;COS;COS OPO w Giżycku;Giżycko, ul. Moniuszki 22;Zakup środka trwałego elektrycznego pojazdu transportowego;52 400,00
508;warmińsko-mazurskie;iławski;Gmina;Susz;Jawty Wielkie, działki nr 91/1, 94/4, 93;Budowa boiska wielofunkcyjnego;100 000,00
509;warmińsko-mazurskie;iławski;Gmina;Susz;Susz, ul. Wybickiego;Modernizacja kompleksu lekkoatletycznego;437 800,00
510;warmińsko-mazurskie;kętrzyński;Gmina;Korsze;Korsze, ul. Kościuszki 12;Budowa hali sportowej;294 400,00
511;warmińsko-mazurskie;kętrzyński;Gmina;Korsze;Korsze, ul. Kościuszki 12;Budowa hali sportowej;262 000,00
512;warmińsko-mazurskie;lidzbarski;Gmina;Orneta;Orneta, ul. Warmińska 11;Budowa kompleksu lekkoatletycznego;350 000,00
513;warmińsko-mazurskie;m. Elbląg;Gmina Miasto;Elbląg;Elbląg, ul. Agrykola 8;Budowa boiska do piłki ręcznej, boisk wielofunkcyjnych i kortów tenisowych oraz modernizacja boiska piłkarskiego w ramach przebudowy obiektu sportowego;500 000,00
514;warmińsko-mazurskie;m. Elbląg;Gmina Miasto;Elbląg;Elbląg, ul. Agrykola 8;Przebudowa toru wrotkarskiego;1 000 000,00
515;warmińsko-mazurskie;m. Elbląg;Gmina Miasto;Elbląg;Elbląg, ul. Modlińska 39;Budowa kompleksu lekkoatletycznego;350 000,00
516;warmińsko-mazurskie;m. Olsztyn;Stowarzyszenie;"Stowarzyszenie Edukacyjne ""Młodzież Przyszłością Regionu""";Olsztyn, ul. Kołobrzeska 9;Budowa hali tenisowej z łącznikiem;440 000,00
517;warmińsko-mazurskie;m. Olsztyn;Gmina;Olsztyn;Olsztyn, ulice: Żeromskiego, Wyspiańskiego, Grunwaldzka, Barcza;Budowa placu zabaw i zewnętrznych siłowni na osiedlu Nagorki i w rejonie pomiędzy ul. Wojska Polskiego, Jagiellońskiej, Żeromskiego oraz budowa toru rowerowego na osiedlu Grunwaldzkim;94 000,00
518;warmińsko-mazurskie;m. Olsztyn;Gmina;Olsztyn;Olsztyn, ul. Sybiraków;Budowa boiska piłkarskiego, bieżni prostej i skoczni do skoku w dal;395 600,00
519;warmińsko-mazurskie;mrągowski;Gmina Miasto;Mrągowo;Mrągowo, ul. Mrongpwiusza;Przebudowa budynku szatni z zapleczem sanitarnym;972 700,00
520;warmińsko-mazurskie;nowomiejski;Powiat;Nowomiejski;Kurzętnik, ul. Grunwaldzka 49;Budowa Sali gimnastycznej;950 000,00
521;warmińsko-mazurskie;nowomiejski;Gmina Miejska;Nowe Miasto Lubawskie;Nowe Miasto Lubawskie, ul. Jagiellońska 3;Budowa boisk: wielofunkcyjnego, piłkarskiego oraz bieżni prostej;720 000,00
522;warmińsko-mazurskie;nowomiejski;Gmina;Kurzętnik;Kurzętnik;Budowa taśmowego wyciągu narciarskiego;150 000,00
523;warmińsko-mazurskie;nowomiejski;Gmina;Kurzętnik;Kurzętnik;Budowa taśmowego wyciągu narciarskiego w ramach budowy Zimowego Parku Sportowo-Rekreacyjnego;47 000,00
524;warmińsko-mazurskie;olsztyński;Gmina;Kolno;Kolno, Kolno 29 A;Budowa sali gimnastycznej 35,9x18,9;700 000,00
525;warmińsko-mazurskie;olsztyński;Gmina;Jonkowo;Jonkowo, ul. Hanowskiego 29;Budowa bieżni prostej;50 000,00
526;warmińsko-mazurskie;olsztyński;Gmina;Stawiguda;Bartąg, Bartążek, Dorotowo, Gryźliny, Gągławki, Majdy, Miodówko, Plusaki, Rybaki, Stawiguda, Tomaszkowo;Budowa 11 siłowni plenerowych;50 000,00
527;warmińsko-mazurskie;ostródzki;Gmina;Dąbrówno;Dąbrówno, ul. Ostródzka 12;Modernizacja sali gimnastycznej;100 000,00
528;warmińsko-mazurskie;ostródzki;Gmina Miejska;Ostróda;Ostróda, ul. Wyszyńskiego;Modernizacja kompleksu lekkoatletycznego;1 300 000,00
529;warmińsko-mazurskie;ostródzki;Gmina;Miłomłyn;Miłomłyn, ul. Kościelna;Budowa kompleksu lekkoatletycznego;109 500,00
530;warmińsko-mazurskie;szczycieński;Powiat;Szczycieński;Szczytno, ul. Korczaka 4;Budowa sali gimnastycznej;755 000,00
531;warmińsko-mazurskie;szczycieński;Gmina;Szczytno;Rudka, działka nr 148;Budowa boiska wielofunkcyjnego i bieżni prostej;100 000,00
532;warmińsko-mazurskie;szczycieński;Gmina;Szczytno;Płozy, działka nr 115/11;Budowa boiska wielofunkcyjnego;80 000,00
533;warmińsko-mazurskie;szczycieński;Gmina;Szczytno;Lipowiec, dz. nr 90, 117/1, 117/3, 778;Budowa kompleksu lekkoatletycznego;163 000,00
534;wielkopolskie;czarnkowsko-trzcianecki;Gmina Miasta;Czarnków;Czarnków, ul Wroniecka 30;Budowa boiska piłkarskiego, bieżni okrężnej i prostej oraz skoczni do skoku w dal;591 200,00
535;wielkopolskie;czarnkowsko-trzcianecki;Gmina;Krzyż Wielkopolski;Krzyż Wielkopolski, ul. Sienkiewicza 1;Budowa kompleksu lekkoatletycznego;165 300,00
536;wielkopolskie;gnieźnieński;Miasto i Gmina;Trzemeszno;Kruchowo dz. Nr 191/4, 191/5, 191/7;Budowa sali gimnastycznej;955 000,00
537;wielkopolskie;gnieźnieński;Gmina Miasto;Gniezno;Gniezno, ul. Zabłockiego;Budowa hali sportowo-widowiskowej;9 000 000,00
538;wielkopolskie;jarociński;Inny;Jarocin Sport Sp. z o.o.;Mieszków, ul. Radliniecka 11;Budowa sali sportowej;386 800,00
539;wielkopolskie;kaliski;Gmina;Opatówek;Chełmce 3;Budowa boiska wielofunkcyjnego;119 100,00
540;wielkopolskie;kępiński;Gmina;Baranów;Donaborów, Donaborów 91;Budowa sali gimnastycznej;599 400,00
541;wielkopolskie;kolski;Gmina;Babiak;Bogusławice 85;Budowa boiska wielofunkcyjnego;115 300,00
542;wielkopolskie;kolski;Gmina;Kłodawa;Kłodawa, ul. Sportowa 1;Remont budynku zaplecza sanitarno-szatniowego;179 600,00
543;wielkopolskie;kościański;Powiat;Kościański;Kościan, ul. Wielichowska 43a;Budowa hali sportowej;1 800 000,00
544;wielkopolskie;kościański;Gmina Miejska;Kościan;Kościan, ul. Wojciecha Maya 26;Modernizacja kompleksu lekkoatletycznego;1 162 800,00
545;wielkopolskie;m. Leszno;Miasto;Leszno;Leszno, ul. 17 Stycznia 68;Modernizacja kompleksu lekkoatletycznego;243 800,00
546;wielkopolskie;międzychodzki;Inny;Międzychódzki Ośrodek Sportu Turystyki i Rekreacji Sp. z o.o;Międzychód, ul. Langiewicza 6;Budowa bieżni okrężnej 400 m oraz skoczni do skoku w dal i trójskoku;455 700,00
547;wielkopolskie;nowotomyski;Gmina;Opalenica;Opalenica, ul. Gimnazjalna 1;Termomodernizacja hali sportowej;325 700,00
548;wielkopolskie;ostrowski;Gmina;Przygodzice;Przygodzice, ul. Wysocka 2;Budowa hali sportowej oraz boiska wielofunkcyjnego;1 176 000,00
549;wielkopolskie;ostrowski;Gmina i Miasto;Nowe Skalmierzyce;Fabinów, ul. Szkolna 56;Budowa boiska wielofunkcyjnego;184 200,00
550;wielkopolskie;ostrowski;Gmina i Miasto;Odolanów;Odolanów, ul Franciszka Sójki;Budowa zaplecza szatniowo-sanitarnego;114 000,00
551;wielkopolskie;ostrowski;Gmina Miasto;Ostrów Wielkopolski;Ostrów Wielkopolski, ul. Staroprzygodzka 112;Budowa kompleksu lekkoatletycznego;84 100,00
552;wielkopolskie;pilski;Gmina;Piła;Piła, ul. Świteź i Sportowa;Remont i adaptacja pomieszczeń magazynowych na sale sportowe;342 300,00
553;wielkopolskie;pilski;Gmina;Piła;Piła, ul. Żeromskiego 90;Remont i rozbudowa stadionu lekkoatletycznego - II etap;1 000 000,00
554;wielkopolskie;poznański;Gmina;Komorniki;Komorniki, ul. Staszica 25;Budowa sali gimnastycznej wraz z zapleczem;791 000,00
555;wielkopolskie;poznański;Gmina;Czerwonak;Koziegłowy, ul. Piłsudskiego 3;Remont wentylacji na pływalni;170 000,00
556;wielkopolskie;rawicki;Gmina;Jutrosin;Szkaradowo;Budowa sali gimnastycznej i boiska wielofunkcyjnego;1 260 800,00
557;wielkopolskie;słupecki;Gmina;Słupca;Poniatówek działka 58;Budowa hali sportowej;205 184,00
558;wielkopolskie;słupecki;Gmina Miejska;Słupca;Słupca, ul. Kopernika 13;Remont hali sportowej MOSiR;353 600,00
559;wielkopolskie;słupecki;Powiat;Słupecki;Słupca, Plac Szkolny 1;Remont sali gimnastycznej;108 200,00
560;wielkopolskie;szamotulski;Powiat;Szamotulski;Szamotuły, ul. Mickiewicza 9;Remont boiska wielofunkcyjnego, boiska do piłki plażowej, bieżni lekkoatletycznej i skoczni do skoku w dal;367 600,00
561;wielkopolskie;średzki;Gmina;Zaniemyśl;Zaniemyśl, ul. Poznańska 28;Budowa hali widowiskowo-sportowej;1 800 000,00
562;wielkopolskie;średzki;Gmina;Środa Wielkopolska;Środa Wielkopolska, ul. 20 Października 2;Budowa hali sportowej;1 758 900,00
563;wielkopolskie;średzki;Powiat;Średzki;Środa Wielkopolska, ul. Kosynierów 2b;Budowa kompleksu lekkoatletycznego;1 300 000,00
564;wielkopolskie;turecki;Gmina;Przykona;Przykona, ul. Nowa;Budowa kompleksu lekkoatletycznego;350 000,00
565;wielkopolskie;wągrowiecki;Gmina;Wągrowiec;Wągrowiec, ul. Kolejowa 14;Remont sali gimnastycznej;127 000,00
566;wielkopolskie;wągrowiecki;Gmina;Skoki;Skoki, ul. Parkowa 10;Przebudowa boiska piłkarskiego;291 300,00
567;wielkopolskie;złotowski;Gmina;Złotów;Radawnica, ul. Szkolna 2, dz. 587;Budowa hali sportowej;1 209 500,00
568;wielkopolskie;złotowski;Gmina i Miasto;Krajenka;Krajenka, ul. St. Polańskiego 3;Budowa kompleksu lekkoatletycznego;194 400,00
569;zachodniopomorskie;drawski;Gmina;Drawsko Pomorskie;Drawsko Pomorskie, ul. Gajowa;Budowa skateparku - I etap;348 000,00
570;zachodniopomorskie;goleniowski;Gmina;Goleniów;Goleniów, ul. K.C. Norwida 1;Budowa hali sportowej;2 000 000,00
571;zachodniopomorskie;goleniowski;Powiat;Goleniowski;Goleniów, ul. Niepodległości 1 i Maszewska 6;Budowa boisk wielofunkcyjnych, bieżni prostej i skoczni w dal;417 000,00
572;zachodniopomorskie;gryficki;Gmina;Karnice;Cerkwica, ul. Boczna;Budowa budynku zaplecza dla stadionu sportowego z boiskiem piłkarskim;226 900,00
573;zachodniopomorskie;kamieński;Gmina;Wolin;Wolin, ul. Spokojna 1;Modernizacja kompleksu lekkoatletycznego;900 000,00
574;zachodniopomorskie;koszaliński;Gmina;Mielno;Mielno, Mickiewicza;Budowa budynku zaplecza dla stadionu;739 400,00
575;zachodniopomorskie;łobeski;Gmina;Resko;Resko i Łosośnica;Modernizacja budynku zaplecza w Resku oraz boiska sportowego w Łosienicy;109 100,00
576;zachodniopomorskie;m. Szczecin;Szkoła/Uczelnia;Zachodniopomorski Uniwersytet Technologiczny w Szczecinie;Szczecin, ul. Tenisowa 33;Modernizacja hali sportowej;725 900,00
577;zachodniopomorskie;m. Szczecin;Gmina Miasto;Szczecin;Szczecin, al. Wojska Polskiego 127;Budowa hali tenisowej wraz z zapleczem;2 000 000,00
578;zachodniopomorskie;m. Świnoujście;Gmina Miasto;Świnoujście;Świnoujście, ul. Matejki 22;Przebudowa areny lekkoatletycznej stadionu miejskiego: bieżni okólnej, boiska piłkarskiego, skoczni, rzutni;1 485 000,00
579;zachodniopomorskie;m. Świnoujście;Gmina Miasto;Świnoujście;Świnoujście, ul. Białoruska;Przebudowa boiska piłkarskiego;1 000 000,00
580;zachodniopomorskie;szczecinecki;Miasto;Szczecinek;Szczecinek, ul. Krakowska;Rozbudowa sali gimnastycznej o segment z bieżnią lekkoatletyczną;414 000,00
581;zachodniopomorskie;szczecinecki;Powiat;Szczecinecki;Szczecinek, Staszica 15;Budowa stadionu lekkoatletycznego z budynkiem zaplecza;3 000 000,00
582;zachodniopomorskie;wałecki;COS;COS OPO w Wałczu;Wałcz, al.. Zdobywców Wału Pomorskiego 99;Zakup środków trwałych dla toru wioślarskiego: kadłuby łodzi motorowych, silniki spalinowe, wózek akumulatorowy;201 000,00
